"Name","Novels","Comics","TVshow","Mean"
"Tyrion Lannister",0.616071428571429,1,1,0.87202380952381
"Eddard Stark",1,0.642156862745098,0.583333333333333,0.741830065359477
"Arya Stark",0.616071428571429,0.882352941176471,0.616666666666667,0.705030345471522
"Catelyn Stark",0.651785714285714,0.803921568627451,0.491666666666667,0.649124649859944
"Jon Snow",0.5,0.779411764705882,0.6,0.626470588235294
"Sansa Stark",0.642857142857143,0.573529411764706,0.541666666666667,0.586017740429505
"Bran Stark",0.633928571428571,0.632352941176471,0.4,0.555427170868347
"Cersei Lannister",0.758928571428571,0.299019607843137,0.566666666666667,0.541538281979458
"Daenerys Targaryen",0.196428571428571,0.75,0.616666666666667,0.521031746031746
"Robb Stark",0.758928571428571,0.28921568627451,0.416666666666667,0.488270308123249
"Joffrey Baratheon",0.678571428571429,0.240196078431373,0.441666666666667,0.453478057889823
"Theon Greyjoy",0.25,0.416666666666667,0.516666666666667,0.394444444444444
"Robert I Baratheon",0.803571428571429,0.151960784313725,0.15,0.368510737628385
"Aerys II Targaryen",0.348214285714286,NA,NA,0.348214285714286
"Petyr Baelish",0.392857142857143,0.264705882352941,0.358333333333333,0.338632119514472
"Jaime Lannister",0.678571428571429,0.107843137254902,0.208333333333333,0.331582633053221
"Sandor Clegane",0.383928571428571,0.191176470588235,0.366666666666667,0.313923902894491
"Jorah Mormont",0.1875,0.323529411764706,0.366666666666667,0.292565359477124
"Stannis Baratheon",0.526785714285714,0.0735294117647059,0.241666666666667,0.280660597572362
"Renly Baratheon",0.473214285714286,0.166666666666667,0.175,0.271626984126984
"Varys",0.330357142857143,0.181372549019608,0.275,0.262243230625584
"Tywin Lannister",0.535714285714286,0.0931372549019608,0.15,0.259617180205415
"Luwin",0.285714285714286,0.240196078431373,0.241666666666667,0.255859010270775
"Rodrik Cassel",0.3125,0.186274509803922,0.225,0.241258169934641
"Bronn",0.205357142857143,0.220588235294118,0.291666666666667,0.239204014939309
"Pycelle",0.267857142857143,0.137254901960784,0.2,0.201704014939309
"Rickon Stark",0.366071428571429,0.107843137254902,0.116666666666667,0.196860410830999
"Ghost",NA,0.28921568627451,0.1,0.194607843137255
"Summer",NA,0.245098039215686,0.125,0.185049019607843
"Samwell Tarly",0.107142857142857,0.181372549019608,0.25,0.179505135387488
"Jory Cassel",0.241071428571429,0.132352941176471,0.15,0.174474789915966
"Jon Arryn",0.330357142857143,NA,0.00833333333333333,0.169345238095238
"Gendry",0.125,0.176470588235294,0.2,0.167156862745098
"Drogo",0.151785714285714,0.161764705882353,0.183333333333333,0.1656279178338
"Yoren",0.178571428571429,0.176470588235294,0.133333333333333,0.162791783380019
"Hodor",0.160714285714286,0.137254901960784,0.175,0.15765639589169
"Jeor Mormont",0.1875,0.142156862745098,0.141666666666667,0.157107843137255
"Meryn Trant",0.241071428571429,0.0882352941176471,0.133333333333333,0.15421335200747
"Shae",0.133928571428571,0.0784313725490196,0.233333333333333,0.148564425770308
"Tommen Baratheon",0.205357142857143,0.0490196078431373,0.183333333333333,0.145903361344538
"Barristan Selmy",0.223214285714286,0.112745098039216,0.0833333333333333,0.139764239028945
"Grenn",0.125,0.112745098039216,0.175,0.137581699346405
"Drogon",NA,0.132352941176471,0.141666666666667,0.137009803921569
"Loras Tyrell",0.241071428571429,0.0637254901960784,0.1,0.134932306255836
"Kovarro",NA,NA,0.133333333333333,0.133333333333333
"Ilyn Payne",0.223214285714286,0.0833333333333333,0.0916666666666667,0.132738095238095
"Viserys Targaryen",0.196428571428571,0.0931372549019608,0.1,0.129855275443511
"Osha",0.0892857142857143,0.102941176470588,0.191666666666667,0.12796451914099
"Lysa Arryn",0.294642857142857,0.053921568627451,0.0333333333333333,0.127299253034547
"Hot Pie",0.0892857142857143,0.147058823529412,0.141666666666667,0.126003734827264
"Podrick Payne",0.0892857142857143,0.053921568627451,0.233333333333333,0.125513538748833
"Aemon Targaryen (son of Viserys II)",0.125,NA,NA,0.125
"Brandon Stark",0.205357142857143,0.0441176470588235,NA,0.124737394957983
"Irri",0.107142857142857,0.107843137254902,0.158333333333333,0.124439775910364
"Jhogo",0.0982142857142857,0.147058823529412,NA,0.122636554621849
"Rhaegar Targaryen",0.330357142857143,0.0343137254901961,0,0.12155695611578
"Benjen Stark",0.267857142857143,0.0294117647058824,0.0666666666666667,0.121311858076564
"Doreah",0.0892857142857143,0.0980392156862745,0.166666666666667,0.117997198879552
"Lancel Lannister",0.133928571428571,0.0588235294117647,0.158333333333333,0.11702847805789
"Aemon Targaryen",0.116071428571429,NA,NA,0.116071428571429
"Gyles Rosby",0.116071428571429,NA,NA,0.116071428571429
"Nan",0.321428571428571,0.00980392156862745,0.0166666666666667,0.115966386554622
"Aegon I Targaryen",0.223214285714286,0.00490196078431373,NA,0.1140581232493
"Boros Blount",0.160714285714286,0.053921568627451,NA,0.107317927170868
"Horas Redwyne",0.107142857142857,NA,NA,0.107142857142857
"Brienne of Tarth",0.0625,NA,0.15,0.10625
"Davos Seaworth",0.0446428571428571,0.0833333333333333,0.175,0.100992063492063
"Talisa Stark",NA,NA,0.1,0.1
"Gregor Clegane",0.196428571428571,0.0441176470588235,0.0583333333333333,0.0996265172735761
"Rhaegal",NA,0.0735294117647059,0.125,0.0992647058823529
"Aegon Targaryen (son of Rhaegar)",0.0982142857142857,NA,NA,0.0982142857142857
"Mordane",0.151785714285714,0.0637254901960784,0.075,0.0968370681605976
"Pypar",0.0982142857142857,0.0833333333333333,0.108333333333333,0.0966269841269841
"Myrcella Baratheon",0.1875,0.0294117647058824,0.0666666666666667,0.0945261437908497
"Jaqen H'ghar",0.0625,0.137254901960784,0.0833333333333333,0.0943627450980392
"Jhiqui",0.116071428571429,0.147058823529412,0.0166666666666667,0.093265639589169
"Ros",NA,NA,0.0916666666666667,0.0916666666666667
"Janos Slynt",0.133928571428571,0.053921568627451,0.0833333333333333,0.0903944911297852
"Viserion",NA,0.053921568627451,0.125,0.0894607843137255
"Desmond",0.0892857142857143,NA,NA,0.0892857142857143
"Harwin",0.0892857142857143,NA,NA,0.0892857142857143
"Hullen",0.0892857142857143,NA,NA,0.0892857142857143
"Preston Greenfield",0.0892857142857143,NA,NA,0.0892857142857143
"Balon Swann",0.142857142857143,0.0343137254901961,NA,0.0885854341736695
"Rakharo",0.0982142857142857,0.0392156862745098,0.125,0.0874766573295985
"Roose Bolton",0.151785714285714,0.0392156862745098,0.0666666666666667,0.0858893557422969
"Yara Greyjoy",NA,NA,0.0833333333333333,0.0833333333333333
"Hoster Tully",0.205357142857143,0.0392156862745098,0,0.0815242763772176
"Qhorin Halfhand",0.0803571428571429,0.102941176470588,0.0583333333333333,0.0805438842203548
"Florian the Fool",0.0803571428571429,NA,NA,0.0803571428571429
"Moon Boy",0.0803571428571429,NA,NA,0.0803571428571429
"Paxter Redwyne",0.0803571428571429,NA,NA,0.0803571428571429
"Brynden Tully",0.142857142857143,0.0980392156862745,0,0.0802987861811391
"Jacelyn Bywater",0.116071428571429,0.0441176470588235,NA,0.0800945378151261
"Grey Wind",NA,0.117647058823529,0.0416666666666667,0.079656862745098
"Edmure Tully",0.1875,0.0441176470588235,0,0.0772058823529412
"Tanda Stokeworth",0.125,0.0294117647058824,NA,0.0772058823529412
"Robert Arryn",0.133928571428571,0.0196078431372549,NA,0.0767682072829132
"Alyn",0.116071428571429,0.0343137254901961,NA,0.0751925770308123
"Walder Frey (son of Jammos)",0.0714285714285714,0.0784313725490196,NA,0.0749299719887955
"Walder Frey (son of Merrett)",0.0714285714285714,0.0784313725490196,NA,0.0749299719887955
"Mirri Maz Duur",0.0714285714285714,0.0931372549019608,0.0583333333333333,0.0742997198879552
"Mandon Moore",0.107142857142857,0.053921568627451,0.0583333333333333,0.0731325863678805
"Shaggydog",NA,0.0931372549019608,0.05,0.0715686274509804
"Gage",0.0714285714285714,NA,NA,0.0714285714285714
"Shella Whent",0.0714285714285714,NA,NA,0.0714285714285714
"Tytos Blackwood",0.0714285714285714,NA,NA,0.0714285714285714
"Alliser Thorne",0.107142857142857,0.053921568627451,0.05,0.0703548085901027
"Lommy Greenhands",0.0625,0.0980392156862745,0.05,0.0701797385620915
"Mikken",0.125,0.0147058823529412,NA,0.0698529411764706
"Syrio Forel",0.142857142857143,0.0245098039215686,0.0416666666666667,0.0696778711484594
"Jeyne Poole",0.0892857142857143,0.0490196078431373,NA,0.0691526610644258
"Halder",0.0714285714285714,0.0637254901960784,NA,0.0675770308123249
"Tomard",0.125,NA,0.00833333333333333,0.0666666666666667
"Balon Greyjoy",0.151785714285714,0.0147058823529412,0.0333333333333333,0.0666083099906629
"Lyanna Stark",0.169642857142857,0.0294117647058824,0,0.0663515406162465
"Xaro Xhoan Daxos",0.0446428571428571,0.053921568627451,0.1,0.066188141923436
"Dagmer Cleftjaw",0.0446428571428571,0.0196078431372549,0.133333333333333,0.0658613445378151
"Jon Umber",0.0982142857142857,0.0294117647058824,0.0666666666666667,0.0647642390289449
"Shagga",0.0982142857142857,0.0588235294117647,0.0333333333333333,0.0634570494864612
"Mace Tyrell",0.178571428571429,0.00980392156862745,0,0.0627917833800187
"Frenken",0.0625,NA,NA,0.0625
"Galbart Glover",0.0625,NA,NA,0.0625
"Harren Hoare",0.0625,NA,NA,0.0625
"Leobald Tallhart",0.0625,NA,NA,0.0625
"Mance Rayder",0.125,NA,0,0.0625
"Morrec",0.0625,NA,NA,0.0625
"Porther",0.0625,NA,NA,0.0625
"Rhaenys Targaryen (daughter of Rhaegar)",0.0625,NA,NA,0.0625
"Stafford Lannister",0.0625,NA,NA,0.0625
"Vayon Poole",0.116071428571429,NA,0.00833333333333333,0.062202380952381
"Walder Frey",0.151785714285714,0.0147058823529412,0.0166666666666667,0.0610527544351074
"Illyrio Mopatis",0.125,0.0245098039215686,0.0333333333333333,0.0609477124183007
"Margaery Tyrell",0.0982142857142857,0.0245098039215686,0.0583333333333333,0.0603524743230626
"Arys Oakheart",0.0803571428571429,0.0392156862745098,NA,0.0597864145658263
"Rorge",0.0625,0.0980392156862745,0.0166666666666667,0.0590686274509804
"Matthos Seaworth",0.0178571428571429,NA,0.1,0.0589285714285714
"Ygritte",0.0267857142857143,0.0294117647058824,0.116666666666667,0.0576213818860878
"Biter",0.0535714285714286,0.0980392156862745,0.0166666666666667,0.0560924369747899
"Beric Dondarrion",0.142857142857143,0.0147058823529412,0.00833333333333333,0.0552987861811391
"Timett",0.0982142857142857,0.0343137254901961,0.0333333333333333,0.0552871148459384
"Amory Lorch",0.0803571428571429,0.0343137254901961,0.05,0.054890289449113
"Melisandre",0.0535714285714286,0.0441176470588235,0.0666666666666667,0.0547852474323063
"Cutjack",0.0357142857142857,0.0735294117647059,NA,0.0546218487394958
"Wex Pyke",0.0446428571428571,0.0637254901960784,NA,0.0541841736694678
"Brandon Stark (Builder)",0.0535714285714286,NA,NA,0.0535714285714286
"Edric Storm",0.0535714285714286,NA,NA,0.0535714285714286
"Black Lorren",0.0535714285714286,0.0637254901960784,0.0416666666666667,0.0529878618113912
"Hallis Mollen",0.0803571428571429,0.0245098039215686,NA,0.0524334733893557
"Qotho",0.0535714285714286,0.0441176470588235,0.0583333333333333,0.0520074696545285
"Dontos Hollard",0.0803571428571429,0.0588235294117647,0.0166666666666667,0.0519491129785247
"Aggo",0.0982142857142857,0.0490196078431373,0.00833333333333333,0.0518557422969188
"Hobber Redwyne",0.0982142857142857,0.00490196078431373,NA,0.0515581232492997
"Ramsay Snow",0.0803571428571429,0.0735294117647059,0,0.0512955182072829
"Kevan Lannister",0.0714285714285714,0.0441176470588235,0.0333333333333333,0.0496265172735761
"Todder",0.0892857142857143,0.0588235294117647,0,0.0493697478991597
"Will",0.0178571428571429,0.0294117647058824,0.1,0.0490896358543417
"Marillion",0.0535714285714286,0.0686274509803922,0.025,0.0490662931839402
"Jaremy Rykker",0.0892857142857143,NA,0.00833333333333333,0.0488095238095238
"Lady",NA,0.0637254901960784,0.0333333333333333,0.0485294117647059
"Hallyne",0.0446428571428571,0.0147058823529412,0.0833333333333333,0.0475606909430439
"Bryce Caron",0.0803571428571429,0.0147058823529412,NA,0.047531512605042
"Maege Mormont",0.0803571428571429,0.0147058823529412,NA,0.047531512605042
"Osmund Kettleblack",0.0803571428571429,0.0147058823529412,NA,0.047531512605042
"Jason Mallister",0.0892857142857143,0.00490196078431373,NA,0.047093837535014
"Asha Greyjoy",0.0535714285714286,0.0392156862745098,NA,0.0463935574229692
"Aron Santagar",0.0714285714285714,0.0196078431372549,NA,0.0455182072829132
"Randyll Tarly",0.116071428571429,0.0196078431372549,0,0.0452264239028945
"Aegon V Targaryen",0.0446428571428571,NA,NA,0.0446428571428571
"Ardrian Celtigar",0.0446428571428571,NA,NA,0.0446428571428571
"Baelor Targaryen (son of Daeron II)",0.0446428571428571,NA,NA,0.0446428571428571
"Cayn",0.0446428571428571,NA,NA,0.0446428571428571
"Colemon",0.0446428571428571,NA,NA,0.0446428571428571
"Emmon Frey",0.0446428571428571,NA,NA,0.0446428571428571
"Hake",0.0446428571428571,NA,NA,0.0446428571428571
"Hosteen Frey",0.0446428571428571,NA,NA,0.0446428571428571
"Jonquil",0.0446428571428571,NA,NA,0.0446428571428571
"Jyck",0.0446428571428571,NA,NA,0.0446428571428571
"Osfryd Kettleblack",0.0446428571428571,NA,NA,0.0446428571428571
"Palla",0.0446428571428571,NA,NA,0.0446428571428571
"Perwyn Frey",0.0446428571428571,NA,NA,0.0446428571428571
"Rast",0.0267857142857143,0.0147058823529412,0.0916666666666667,0.0443860877684407
"Weese",0.0446428571428571,0.0441176470588235,NA,0.0443802521008403
"Rickard Karstark",0.0892857142857143,0.00980392156862745,0.0333333333333333,0.044140989729225
"Meera Reed",0.0535714285714286,0.0784313725490196,0,0.0440009337068161
"Cleos Frey",0.0625,0.0245098039215686,NA,0.0435049019607843
"Waymar Royce",0.0535714285714286,0.0343137254901961,0.0416666666666667,0.0431839402427638
"Mathis Rowan",0.0714285714285714,0.0147058823529412,NA,0.0430672268907563
"Robar Royce",0.0714285714285714,0.0147058823529412,NA,0.0430672268907563
"Stonesnake",0.0267857142857143,0.0588235294117647,NA,0.0428046218487395
"Chayle",0.0803571428571429,0.00490196078431373,NA,0.0426295518207283
"Jojen Reed",0.0535714285714286,0.0735294117647059,0,0.0423669467787115
"Thoros of Myr",0.107142857142857,0.0196078431372549,0,0.042250233426704
"Eddison Tollett",0.0446428571428571,0.0147058823529412,0.0666666666666667,0.0420051353874883
"Rickard Stark",0.116071428571429,0.00980392156862745,0,0.0419584500466853
"Alton Lannister",NA,NA,0.0416666666666667,0.0416666666666667
"Armeca",NA,NA,0.0416666666666667,0.0416666666666667
"Haggo",0.0535714285714286,0.0294117647058824,NA,0.0414915966386555
"Jalabhar Xho",0.0535714285714286,0.0294117647058824,NA,0.0414915966386555
"Tysha",0.0535714285714286,0.0294117647058824,NA,0.0414915966386555
"Cressen",0.0357142857142857,0.0637254901960784,0.025,0.0414799253034547
"Murch",0.00892857142857143,0.0735294117647059,NA,0.0412289915966387
"Vargo Hoat",0.0625,0.0196078431372549,NA,0.0410539215686275
"Karyl Vance",0.0714285714285714,0.00980392156862745,NA,0.0406162464985994
"Marq Piper",0.0714285714285714,0.00980392156862745,NA,0.0406162464985994
"Yohn Royce",0.0803571428571429,NA,0,0.0401785714285714
"Mya Stone",0.0357142857142857,0.0441176470588235,NA,0.0399159663865546
"Quaro",0.0446428571428571,0.0343137254901961,NA,0.0394782913165266
"Weasel",NA,0.0392156862745098,NA,0.0392156862745098
"Chett",0.0535714285714286,0.0245098039215686,NA,0.0390406162464986
"Wylis Manderly",0.0535714285714286,0.0245098039215686,NA,0.0390406162464986
"Cohollo",0.0625,0.0147058823529412,NA,0.0386029411764706
"Dywen",0.0625,0.0147058823529412,NA,0.0386029411764706
"Cortnay Penrose",0.0714285714285714,0.00490196078431373,NA,0.0381652661064426
"Elia Martell",0.0714285714285714,0.00490196078431373,NA,0.0381652661064426
"Brynden Rivers",0.0446428571428571,0.0441176470588235,0.025,0.0379201680672269
"The Tickler",0.0446428571428571,0.0343137254901961,0.0333333333333333,0.0374299719887955
"Donal Noye",0.0446428571428571,0.0294117647058824,NA,0.0370273109243697
"Pyat Pree",0.0446428571428571,0.0245098039215686,0.0416666666666667,0.0369397759103641
"Gared",0.0446428571428571,0.0147058823529412,0.05,0.0364495798319328
"Nymeria (direwolf)",NA,0.0392156862745098,0.0333333333333333,0.0362745098039216
"Vardis Egen",0.0446428571428571,0.0294117647058824,0.0333333333333333,0.0357959850606909
"Clydas",0.0357142857142857,NA,NA,0.0357142857142857
"Daryn Hornwood",0.0357142857142857,NA,NA,0.0357142857142857
"Dolf",0.0357142857142857,NA,NA,0.0357142857142857
"Dunsen",0.0357142857142857,NA,NA,0.0357142857142857
"Eddard Karstark",0.0357142857142857,NA,NA,0.0357142857142857
"Hayhead",0.0357142857142857,NA,NA,0.0357142857142857
"Heward",0.0357142857142857,NA,NA,0.0357142857142857
"Jared Frey",0.0357142857142857,NA,NA,0.0357142857142857
"Jhaqo",0.0357142857142857,NA,NA,0.0357142857142857
"Jon Fossoway",0.0357142857142857,NA,NA,0.0357142857142857
"Koss",0.0357142857142857,NA,NA,0.0357142857142857
"Kurz",0.0357142857142857,NA,NA,0.0357142857142857
"Lyn Corbray",0.0357142857142857,NA,NA,0.0357142857142857
"Masha Heddle",0.0357142857142857,NA,NA,0.0357142857142857
"Medger Cerwyn",0.0357142857142857,NA,NA,0.0357142857142857
"Minisa Whent",0.0357142857142857,NA,NA,0.0357142857142857
"Ottyn Wythers",0.0357142857142857,NA,NA,0.0357142857142857
"Reek",0.0357142857142857,NA,NA,0.0357142857142857
"Rhaella Targaryen",0.0357142857142857,NA,NA,0.0357142857142857
"Ryam Redwyne",0.0357142857142857,NA,NA,0.0357142857142857
"Selwyn Tarth",0.0357142857142857,NA,NA,0.0357142857142857
"Tion Frey",0.0357142857142857,NA,NA,0.0357142857142857
"Torrhen Stark",0.0357142857142857,NA,NA,0.0357142857142857
"Wyl",0.0357142857142857,NA,NA,0.0357142857142857
"Addam Marbrand",0.0625,NA,0.00833333333333333,0.0354166666666667
"Wendel Manderly",0.0714285714285714,0.0343137254901961,0,0.0352474323062558
"Ebben",0.0357142857142857,0.0343137254901961,NA,0.0350140056022409
"Patchface",0.0357142857142857,0.0343137254901961,NA,0.0350140056022409
"Lollys Stokeworth",0.0892857142857143,0.0147058823529412,0,0.0346638655462185
"Beth Cassel",0.0446428571428571,0.0245098039215686,NA,0.0345763305322129
"Poxy Tym",0.0535714285714286,0.0147058823529412,NA,0.0341386554621849
"Donella Hornwood",0.0625,0.00490196078431373,NA,0.0337009803921569
"Helman Tallhart",0.0625,0.00490196078431373,NA,0.0337009803921569
"Daisy",NA,NA,0.0333333333333333,0.0333333333333333
"Robin Arryn",NA,NA,0.0333333333333333,0.0333333333333333
"Chiswyck",0.0446428571428571,0.0196078431372549,NA,0.032125350140056
"Othor",0.0446428571428571,0.0343137254901961,0.0166666666666667,0.03187441643324
"Chataya",0.0535714285714286,0.00980392156862745,NA,0.031687675070028
"Thoren Smallwood",0.0535714285714286,0.00980392156862745,NA,0.031687675070028
"Willem Darry",0.0535714285714286,0.00980392156862745,NA,0.031687675070028
"Woth",0.00892857142857143,0.053921568627451,NA,0.0314250700280112
"Doran Martell",0.0625,NA,0,0.03125
"Chella",0.0446428571428571,0.0294117647058824,0.0166666666666667,0.0302404295051354
"Farlen",0.0625,0.0196078431372549,0.00833333333333333,0.0301470588235294
"Alayaya",0.0357142857142857,0.0245098039215686,NA,0.0301120448179272
"Stygg",0.0357142857142857,0.0245098039215686,NA,0.0301120448179272
"Howland Reed",0.0803571428571429,0.00980392156862745,0,0.0300536881419234
"Rafford",0.0446428571428571,0.0147058823529412,NA,0.0296743697478992
"Vyman",0.0446428571428571,0.0147058823529412,NA,0.0296743697478992
"Selyse Florent",0.0714285714285714,0.00490196078431373,0.00833333333333333,0.0282212885154062
"Albett",0.0267857142857143,0.0294117647058824,NA,0.0280987394957983
"Dalbridge",0.0267857142857143,0.0294117647058824,NA,0.0280987394957983
"Matthar",0.0357142857142857,0.0196078431372549,NA,0.0276610644257703
"Osney Kettleblack",0.0357142857142857,0.0196078431372549,NA,0.0276610644257703
"Stevron Frey",0.0625,0.00980392156862745,0.00833333333333333,0.0268790849673203
"Alannys Harlaw",0.0267857142857143,NA,NA,0.0267857142857143
"Arwyn Oakheart",0.0267857142857143,NA,NA,0.0267857142857143
"Ashara Dayne",0.0267857142857143,NA,NA,0.0267857142857143
"Brandon Stark (Burner)",0.0267857142857143,NA,NA,0.0267857142857143
"Brandon Stark (Shipwright)",0.0267857142857143,NA,NA,0.0267857142857143
"Cassana Estermont",0.0267857142857143,NA,NA,0.0267857142857143
"Chiggen",0.0267857142857143,NA,NA,0.0267857142857143
"Cotter Pyke",0.0267857142857143,NA,NA,0.0267857142857143
"Danwell Frey",0.0267857142857143,NA,NA,0.0267857142857143
"Dobber",0.0267857142857143,NA,NA,0.0267857142857143
"Emmon Cuy",0.0267857142857143,NA,NA,0.0267857142857143
"Eroeh",0.0267857142857143,NA,NA,0.0267857142857143
"Fogo",0.0267857142857143,NA,NA,0.0267857142857143
"Halys Hornwood",0.0267857142857143,NA,NA,0.0267857142857143
"Jaehaerys II Targaryen",0.0267857142857143,NA,NA,0.0267857142857143
"Jeren",0.0267857142857143,NA,NA,0.0267857142857143
"Lewys Lydden",0.0267857142857143,NA,NA,0.0267857142857143
"Lord Estermont",0.0267857142857143,NA,NA,0.0267857142857143
"Lucas Blackwood",0.0267857142857143,NA,NA,0.0267857142857143
"Maegor I Targaryen",0.0267857142857143,NA,NA,0.0267857142857143
"Maekar I Targaryen",0.0267857142857143,NA,NA,0.0267857142857143
"Mallador Locke",0.0267857142857143,NA,NA,0.0267857142857143
"Malleon",0.0267857142857143,NA,NA,0.0267857142857143
"Monford Velaryon",0.0267857142857143,NA,NA,0.0267857142857143
"Naerys Targaryen",0.0267857142857143,NA,NA,0.0267857142857143
"Ogo",0.0267857142857143,NA,NA,0.0267857142857143
"Olyvar Frey",0.0267857142857143,NA,NA,0.0267857142857143
"Pia",0.0267857142857143,NA,NA,0.0267857142857143
"Pono",0.0267857142857143,NA,NA,0.0267857142857143
"Reysen",0.0267857142857143,NA,NA,0.0267857142857143
"Robin Flint",0.0267857142857143,NA,NA,0.0267857142857143
"Ronel Rivers",0.0267857142857143,NA,NA,0.0267857142857143
"Ryman Frey",0.0267857142857143,NA,NA,0.0267857142857143
"Serwyn of the Mirror Shield",0.0267857142857143,NA,NA,0.0267857142857143
"Shadd",0.0267857142857143,NA,NA,0.0267857142857143
"Steffon Baratheon",0.0267857142857143,NA,NA,0.0267857142857143
"Steffon Varner",0.0267857142857143,NA,NA,0.0267857142857143
"Tarber",0.0267857142857143,NA,NA,0.0267857142857143
"Tyrek Lannister",0.0267857142857143,NA,NA,0.0267857142857143
"Ulf",0.0267857142857143,NA,NA,0.0267857142857143
"Walder Frey (son of Ryman)",0.0267857142857143,NA,NA,0.0267857142857143
"Willis Wode",0.0267857142857143,NA,NA,0.0267857142857143
"Eon Hunter",0.0267857142857143,0.0245098039215686,NA,0.0256477591036415
"Werlag",0.0267857142857143,0.0245098039215686,NA,0.0256477591036415
"Desmond Grell",0.0357142857142857,0.0147058823529412,NA,0.0252100840336134
"Falyse Stokeworth",0.0357142857142857,0.0147058823529412,NA,0.0252100840336134
"Joseth",0.0357142857142857,0.0147058823529412,NA,0.0252100840336134
"Kyra",0.0357142857142857,0.0147058823529412,NA,0.0252100840336134
"Mycah",0.0535714285714286,0.00490196078431373,0.0166666666666667,0.025046685340803
"Spice King",NA,NA,0.025,0.025
"Hugh of the Vale",0.0446428571428571,0.00490196078431373,0.025,0.0248482726423903
"Benfred Tallhart",0.0446428571428571,0.00490196078431373,NA,0.0247724089635854
"Flement Brax",0.0446428571428571,0.00490196078431373,NA,0.0247724089635854
"Guyard Morrigen",0.0446428571428571,0.00490196078431373,NA,0.0247724089635854
"Aemon Targaryen (son of Maekar I)",NA,0.0245098039215686,0.025,0.0247549019607843
"Craster",0.0357142857142857,0.00490196078431373,0.0333333333333333,0.0246498599439776
"Cley Cerwyn",0.0535714285714286,0.0196078431372549,0,0.0243930905695612
"Shireen Baratheon",0.0535714285714286,0.0196078431372549,0,0.0243930905695612
"Robett Glover",0.0625,0.00980392156862745,0,0.0241013071895425
"Quaithe of the Shadow",0.0267857142857143,0.0196078431372549,0.025,0.0237978524743231
"Pylos",0.0178571428571429,0.0294117647058824,NA,0.0236344537815126
"Mord",0.0267857142857143,0.00980392156862745,0.0333333333333333,0.0233076563958917
"Hobb Three-Finger",0.0357142857142857,0.00980392156862745,NA,0.0227591036414566
"Jarman Buckwell",0.0357142857142857,0.00980392156862745,NA,0.0227591036414566
"Arthur Dayne",0.0625,0.00490196078431373,0,0.0224673202614379
"Wyman Manderly",0.0625,0.00490196078431373,0,0.0224673202614379
"Jonos Bracken",0.0535714285714286,0.00490196078431373,0.00833333333333333,0.0222689075630252
"Leo Lefford",0.0357142857142857,NA,0.00833333333333333,0.0220238095238095
"Torrhen Karstark",0.0357142857142857,0.00490196078431373,0.025,0.0218720821661998
"Jacks",0.0178571428571429,NA,0.025,0.0214285714285714
"Rattleshirt",0.0178571428571429,NA,0.025,0.0214285714285714
"Othell Yarwyck",0.00892857142857143,NA,0.0333333333333333,0.0211309523809524
"Bowen Marsh",0.0535714285714286,0.00980392156862745,0,0.021125116713352
"Conn",0.0267857142857143,0.0147058823529412,NA,0.0207457983193277
"Polliver",0.0267857142857143,0.00980392156862745,0.025,0.0205298786181139
"Alebelly",0.0357142857142857,0.00490196078431373,NA,0.0203081232492997
"Dareon",0.0357142857142857,0.00490196078431373,NA,0.0203081232492997
"Patrek Mallister",0.0357142857142857,0.00490196078431373,NA,0.0203081232492997
"Urzen",0.0357142857142857,0.00490196078431373,NA,0.0203081232492997
"Vylarr",0.0357142857142857,0.00490196078431373,NA,0.0203081232492997
"Stiv",0.0267857142857143,0.0245098039215686,0.00833333333333333,0.0198762838468721
"Ulf the Ill",NA,0.0196078431372549,NA,0.0196078431372549
"Jafer Flowers",0.0357142857142857,0.0147058823529412,0.00833333333333333,0.0195845004668534
"Salladhor Saan",0.0357142857142857,0.0147058823529412,0.00833333333333333,0.0195845004668534
"Gerold Hightower",0.0535714285714286,0.00490196078431373,0,0.0194911297852474
"Belwas",0.00892857142857143,0.0294117647058824,NA,0.0191701680672269
"Guncer Sunglass",0.0267857142857143,0.00980392156862745,NA,0.0182948179271709
"Utherydes Wayn",0.0267857142857143,0.00980392156862745,NA,0.0182948179271709
"Aegon IV Targaryen",0.0178571428571429,NA,NA,0.0178571428571429
"Albar Royce",0.0178571428571429,NA,NA,0.0178571428571429
"Allar Deem",0.0178571428571429,NA,NA,0.0178571428571429
"Arryk Cargyll",0.0178571428571429,NA,NA,0.0178571428571429
"Axell Florent",0.0357142857142857,NA,0,0.0178571428571429
"Barth (brewer)",0.0178571428571429,NA,NA,0.0178571428571429
"Ben Blackthumb",0.0178571428571429,NA,NA,0.0178571428571429
"Bharbo",0.0178571428571429,NA,NA,0.0178571428571429
"Bryan Fossoway",0.0178571428571429,NA,NA,0.0178571428571429
"Cheyk",0.0178571428571429,NA,NA,0.0178571428571429
"Conwy",0.0178571428571429,NA,NA,0.0178571428571429
"Coratt",0.0178571428571429,NA,NA,0.0178571428571429
"Cregan Stark",0.0178571428571429,NA,NA,0.0178571428571429
"Daeron II Targaryen",0.0178571428571429,NA,NA,0.0178571428571429
"Dale Seaworth",0.0178571428571429,NA,NA,0.0178571428571429
"Delena Florent",0.0178571428571429,NA,NA,0.0178571428571429
"Domeric Bolton",0.0178571428571429,NA,NA,0.0178571428571429
"Duram Bar Emmon",0.0178571428571429,NA,NA,0.0178571428571429
"Elmar Frey",0.0178571428571429,NA,NA,0.0178571428571429
"Elwood Meadows",0.0178571428571429,NA,NA,0.0178571428571429
"Elyas Willum",0.0178571428571429,NA,NA,0.0178571428571429
"Ermesande Hayford",0.0178571428571429,NA,NA,0.0178571428571429
"Erryk Cargyll",0.0178571428571429,NA,NA,0.0178571428571429
"Ethan Glover",0.0178571428571429,NA,NA,0.0178571428571429
"Genna Lannister",0.0178571428571429,NA,NA,0.0178571428571429
"Gorold Goodbrother",0.0178571428571429,NA,NA,0.0178571428571429
"Gulian Swann",0.0178571428571429,NA,NA,0.0178571428571429
"Harbert",0.0178571428571429,NA,NA,0.0178571428571429
"Helya",0.0178571428571429,NA,NA,0.0178571428571429
"Josua Willum",0.0178571428571429,NA,NA,0.0178571428571429
"Lewyn Martell",0.0178571428571429,NA,NA,0.0178571428571429
"Lord Penrose",0.0178571428571429,NA,NA,0.0178571428571429
"Lord Serrett",0.0178571428571429,NA,NA,0.0178571428571429
"Lord Willum",0.0178571428571429,NA,NA,0.0178571428571429
"Lorent Caswell",0.0178571428571429,NA,NA,0.0178571428571429
"Lyle Crakehall",0.0178571428571429,NA,NA,0.0178571428571429
"Lyman Darry",0.0178571428571429,NA,NA,0.0178571428571429
"Maric Seaworth",0.0178571428571429,NA,NA,0.0178571428571429
"Mark Mullendore",0.0178571428571429,NA,NA,0.0178571428571429
"Maron Greyjoy",0.0178571428571429,NA,NA,0.0178571428571429
"Martyn Cassel",0.0178571428571429,NA,NA,0.0178571428571429
"Martyn Rivers",0.0178571428571429,NA,NA,0.0178571428571429
"Mathos Mallarawan",0.0178571428571429,NA,NA,0.0178571428571429
"Merrett Frey",0.0178571428571429,NA,NA,0.0178571428571429
"Morros Slynt",0.0178571428571429,NA,NA,0.0178571428571429
"Osmynd",0.0178571428571429,NA,NA,0.0178571428571429
"Qarl the Maid",0.0178571428571429,NA,NA,0.0178571428571429
"Rodrik Greyjoy",0.0178571428571429,NA,NA,0.0178571428571429
"Rolfe",0.0178571428571429,NA,NA,0.0178571428571429
"Ronnet Connington",0.0178571428571429,NA,NA,0.0178571428571429
"Rossart",0.0178571428571429,NA,NA,0.0178571428571429
"Sawane Botley",0.0178571428571429,NA,NA,0.0178571428571429
"Symeon Star-Eyes",0.0178571428571429,NA,NA,0.0178571428571429
"Theon Stark",0.0178571428571429,NA,NA,0.0178571428571429
"Tothmure",0.0178571428571429,NA,NA,0.0178571428571429
"Tregar",0.0178571428571429,NA,NA,0.0178571428571429
"Tytos Lannister",0.0178571428571429,NA,NA,0.0178571428571429
"Umar",0.0178571428571429,NA,NA,0.0178571428571429
"Walda Frey",0.0178571428571429,NA,NA,0.0178571428571429
"Willem Lannister",0.0357142857142857,NA,0,0.0178571428571429
"Varly",0.0267857142857143,NA,0.00833333333333333,0.0175595238095238
"Rhaego Targaryen",NA,0.00980392156862745,0.025,0.0174019607843137
"Wine merchant",0.00892857142857143,NA,0.025,0.0169642857142857
"Mhaegen",NA,NA,0.0166666666666667,0.0166666666666667
"Rennick",NA,NA,0.0166666666666667,0.0166666666666667
"Silk King",NA,NA,0.0166666666666667,0.0166666666666667
"Tobho Mott",0.0178571428571429,0.0147058823529412,0.0166666666666667,0.0164098972922502
"Barra",0.0357142857142857,0.00490196078431373,0.00833333333333333,0.0163165266106443
"Aggar",0.0178571428571429,0.0147058823529412,NA,0.016281512605042
"Gelmarr",0.0178571428571429,0.0147058823529412,NA,0.016281512605042
"Gynir Rednose",0.0178571428571429,0.0147058823529412,NA,0.016281512605042
"Shagwell the Fool",0.0178571428571429,0.0147058823529412,NA,0.016281512605042
"Alester Florent",0.0267857142857143,0.00490196078431373,NA,0.015843837535014
"Amabel",0.0267857142857143,0.00490196078431373,NA,0.015843837535014
"Bael the Bard",0.0267857142857143,0.00490196078431373,NA,0.015843837535014
"Harrion Karstark",0.0267857142857143,0.00490196078431373,NA,0.015843837535014
"Harys Swyft",0.0267857142857143,0.00490196078431373,NA,0.015843837535014
"Lothor Brune",0.0267857142857143,0.00490196078431373,NA,0.015843837535014
"Lucan",0.0267857142857143,0.00490196078431373,NA,0.015843837535014
"Nestor Royce",0.0267857142857143,0.00490196078431373,NA,0.015843837535014
"Raymun Darry",0.0267857142857143,0.00490196078431373,NA,0.015843837535014
"Rymund the Rhymer",0.0267857142857143,0.00490196078431373,NA,0.015843837535014
"Gilly",0.00892857142857143,0.00490196078431373,0.0333333333333333,0.0157212885154062
"Aeron Greyjoy",0.0267857142857143,0.0196078431372549,0,0.0154645191409897
"Mago",0.0178571428571429,0.00980392156862745,0.0166666666666667,0.0147759103641457
"Crawn",0.00892857142857143,0.0196078431372549,NA,0.0142682072829132
"Godwyn",0.00892857142857143,0.0196078431372549,NA,0.0142682072829132
"Colen of Greenpools",0.00892857142857143,0.0245098039215686,0.00833333333333333,0.0139239028944911
"Bedwyck",0.0178571428571429,0.00980392156862745,NA,0.0138305322128852
"Dancy",0.0178571428571429,0.00980392156862745,NA,0.0138305322128852
"Devan Seaworth",0.0178571428571429,0.00980392156862745,NA,0.0138305322128852
"Garlan Tyrell",0.0178571428571429,0.00980392156862745,NA,0.0138305322128852
"Hali",0.0178571428571429,0.00980392156862745,NA,0.0138305322128852
"Kromm",0.0178571428571429,0.00980392156862745,NA,0.0138305322128852
"Lynesse Hightower",0.0178571428571429,0.00980392156862745,NA,0.0138305322128852
"Tymor",0.0178571428571429,0.00980392156862745,NA,0.0138305322128852
"Victarion Greyjoy",0.0178571428571429,0.00980392156862745,NA,0.0138305322128852
"Denys Mallister",0.0267857142857143,NA,0,0.0133928571428571
"Quent",0.0178571428571429,NA,0.00833333333333333,0.0130952380952381
"Drennan",0.00892857142857143,NA,0.0166666666666667,0.012797619047619
"Wallen",0.00892857142857143,0.0196078431372549,0.00833333333333333,0.0122899159663866
"Gariss",0.00892857142857143,0.0147058823529412,NA,0.0118172268907563
"Murch (Winterfell)",0.00892857142857143,0.0147058823529412,NA,0.0118172268907563
"Aenys Frey",0.0178571428571429,0.00490196078431373,NA,0.0113795518207283
"Allard Seaworth",0.0178571428571429,0.00490196078431373,NA,0.0113795518207283
"Andar Royce",0.0178571428571429,0.00490196078431373,NA,0.0113795518207283
"Cellador",0.0178571428571429,0.00490196078431373,NA,0.0113795518207283
"Gunthor",0.0178571428571429,0.00490196078431373,NA,0.0113795518207283
"Harra",0.0178571428571429,0.00490196078431373,NA,0.0113795518207283
"Hother Umber",0.0178571428571429,0.00490196078431373,NA,0.0113795518207283
"Lark the Sisterman",0.0178571428571429,0.00490196078431373,NA,0.0113795518207283
"Mebble Pinkeye",0.0178571428571429,0.00490196078431373,NA,0.0113795518207283
"Mors Umber",0.0178571428571429,0.00490196078431373,NA,0.0113795518207283
"Oswell Whent",0.0178571428571429,0.00490196078431373,NA,0.0113795518207283
"Parmen Crane",0.0178571428571429,0.00490196078431373,NA,0.0113795518207283
"Robin Ryger",0.0178571428571429,0.00490196078431373,NA,0.0113795518207283
"Salloreon",0.0178571428571429,0.00490196078431373,NA,0.0113795518207283
"Orell",0.00892857142857143,0.0245098039215686,0,0.0111461251167134
"Dickon Tarly",0.0267857142857143,0.00490196078431373,0,0.010562558356676
"Lord of Bones",NA,0.00980392156862745,NA,0.00980392156862745
"Red Rolfe",NA,0.00980392156862745,NA,0.00980392156862745
"Ballabar",0.00892857142857143,0.00980392156862745,NA,0.00936624649859944
"Gladden Wylde",0.00892857142857143,0.00980392156862745,NA,0.00936624649859944
"Harrag Sharp",0.00892857142857143,0.00980392156862745,NA,0.00936624649859944
"Kenned the Whale",0.00892857142857143,0.00980392156862745,NA,0.00936624649859944
"Ragwyle",0.00892857142857143,0.00980392156862745,NA,0.00936624649859944
"Rhaenys Targaryen",0.00892857142857143,0.00980392156862745,NA,0.00936624649859944
"Aegon Frey (son of Stevron)",0.00892857142857143,NA,NA,0.00892857142857143
"Aegon III Targaryen",0.00892857142857143,NA,NA,0.00892857142857143
"Aelinor Penrose",0.00892857142857143,NA,NA,0.00892857142857143
"Aenys I Targaryen",0.00892857142857143,NA,NA,0.00892857142857143
"Aerion Targaryen",0.00892857142857143,NA,NA,0.00892857142857143
"Aerys I Targaryen",0.00892857142857143,NA,NA,0.00892857142857143
"Aethelmure",0.00892857142857143,NA,NA,0.00892857142857143
"Aewin Targaryen",0.00892857142857143,NA,NA,0.00892857142857143
"Alesander Staedmon",0.00892857142857143,NA,NA,0.00892857142857143
"Alfyn Crowkiller",0.00892857142857143,NA,NA,0.00892857142857143
"Alia of Braavos",0.00892857142857143,NA,NA,0.00892857142857143
"Alyn Stackspear",0.00892857142857143,NA,NA,0.00892857142857143
"Alyssa Arryn",0.00892857142857143,NA,NA,0.00892857142857143
"Amarei Crakehall",0.00892857142857143,NA,NA,0.00892857142857143
"Ambrode",0.00892857142857143,NA,NA,0.00892857142857143
"Andrik",0.00892857142857143,NA,NA,0.00892857142857143
"Andros Brax",0.00892857142857143,NA,NA,0.00892857142857143
"Antario Jast",0.00892857142857143,NA,NA,0.00892857142857143
"Arneld",0.00892857142857143,NA,NA,0.00892857142857143
"Arnell",0.00892857142857143,NA,NA,0.00892857142857143
"Arron",0.00892857142857143,NA,NA,0.00892857142857143
"Artos Stark",0.00892857142857143,NA,NA,0.00892857142857143
"Aurane Waters",0.00892857142857143,NA,NA,0.00892857142857143
"Azor Ahai",0.00892857142857143,NA,NA,0.00892857142857143
"Bandy",0.00892857142857143,NA,NA,0.00892857142857143
"Barthogan Stark",0.00892857142857143,NA,NA,0.00892857142857143
"Bass",0.00892857142857143,NA,NA,0.00892857142857143
"Becca",0.00892857142857143,NA,NA,0.00892857142857143
"Benjen Stark (Bitter)",0.00892857142857143,NA,NA,0.00892857142857143
"Benjen Stark (Sweet)",0.00892857142857143,NA,NA,0.00892857142857143
"Beren Tallhart",0.00892857142857143,NA,NA,0.00892857142857143
"Berena Hornwood",0.00892857142857143,NA,NA,0.00892857142857143
"Beron Stark",0.00892857142857143,NA,NA,0.00892857142857143
"Bessa",0.00892857142857143,NA,NA,0.00892857142857143
"Bethany Redwyne",0.00892857142857143,NA,NA,0.00892857142857143
"Bluetooth",0.00892857142857143,NA,NA,0.00892857142857143
"Bonifer Hasty",0.00892857142857143,NA,NA,0.00892857142857143
"Borcas",0.00892857142857143,NA,NA,0.00892857142857143
"Brandon Stark (Bad)",0.00892857142857143,NA,NA,0.00892857142857143
"Brandon Stark (the Daughterless)",0.00892857142857143,NA,NA,0.00892857142857143
"Brown Bernarr",0.00892857142857143,NA,NA,0.00892857142857143
"Bryen Farring",0.00892857142857143,NA,NA,0.00892857142857143
"Burton Crakehall",0.00892857142857143,NA,NA,0.00892857142857143
"Buu",0.00892857142857143,NA,NA,0.00892857142857143
"Byan Votyris",0.00892857142857143,NA,NA,0.00892857142857143
"Cadwyl",0.00892857142857143,NA,NA,0.00892857142857143
"Calon",0.00892857142857143,NA,NA,0.00892857142857143
"Cuger",0.00892857142857143,NA,NA,0.00892857142857143
"Dacey Mormont",0.00892857142857143,NA,NA,0.00892857142857143
"Dacks",0.00892857142857143,NA,NA,0.00892857142857143
"Daeron I Targaryen",0.00892857142857143,NA,NA,0.00892857142857143
"Daeron Targaryen (son of Maekar I)",0.00892857142857143,NA,NA,0.00892857142857143
"Daeryssa",0.00892857142857143,NA,NA,0.00892857142857143
"Dalla",0.00892857142857143,NA,NA,0.00892857142857143
"Danos Slynt",0.00892857142857143,NA,NA,0.00892857142857143
"Daven Lannister",0.00892857142857143,NA,NA,0.00892857142857143
"Delp",0.00892857142857143,NA,NA,0.00892857142857143
"Deremond",0.00892857142857143,NA,NA,0.00892857142857143
"Donnel Locke",0.00892857142857143,NA,NA,0.00892857142857143
"Donnis",0.00892857142857143,NA,NA,0.00892857142857143
"Donnor Stark",0.00892857142857143,NA,NA,0.00892857142857143
"Dorren Stark",0.00892857142857143,NA,NA,0.00892857142857143
"Dunaver",0.00892857142857143,NA,NA,0.00892857142857143
"Dunstan Drumm",0.00892857142857143,NA,NA,0.00892857142857143
"Durran Godsgrief",0.00892857142857143,NA,NA,0.00892857142857143
"Dykk Harlaw",0.00892857142857143,NA,NA,0.00892857142857143
"Edderion Stark",0.00892857142857143,NA,NA,0.00892857142857143
"Edrick Stark",0.00892857142857143,NA,NA,0.00892857142857143
"Edwyd Fossoway",0.00892857142857143,NA,NA,0.00892857142857143
"Edwyle Stark",0.00892857142857143,NA,NA,0.00892857142857143
"Edwyn Frey",0.00892857142857143,NA,NA,0.00892857142857143
"Edwyn Stark",0.00892857142857143,NA,NA,0.00892857142857143
"Eggon",0.00892857142857143,NA,NA,0.00892857142857143
"Egon Emeros",0.00892857142857143,NA,NA,0.00892857142857143
"Elbert Arryn",0.00892857142857143,NA,NA,0.00892857142857143
"Eldiss",0.00892857142857143,NA,NA,0.00892857142857143
"Eldon Estermont",0.00892857142857143,NA,NA,0.00892857142857143
"Elenei",0.00892857142857143,NA,NA,0.00892857142857143
"Emrick",0.00892857142857143,NA,NA,0.00892857142857143
"Endehar",0.00892857142857143,NA,NA,0.00892857142857143
"Enger",0.00892857142857143,NA,NA,0.00892857142857143
"Errold Stark",0.00892857142857143,NA,NA,0.00892857142857143
"Euron Greyjoy",0.0178571428571429,NA,0,0.00892857142857143
"Eyron Stark",0.00892857142857143,NA,NA,0.00892857142857143
"Forley Prester",0.00892857142857143,NA,NA,0.00892857142857143
"Galt",0.00892857142857143,NA,NA,0.00892857142857143
"Garth Greenfield",0.00892857142857143,NA,NA,0.00892857142857143
"Gawen Westerling",0.00892857142857143,NA,NA,0.00892857142857143
"Gawen Wylde",0.00892857142857143,NA,NA,0.00892857142857143
"Gendel",0.00892857142857143,NA,NA,0.00892857142857143
"Gerren",0.00892857142857143,NA,NA,0.00892857142857143
"Gevin Harlaw",0.00892857142857143,NA,NA,0.00892857142857143
"Gorne",0.00892857142857143,NA,NA,0.00892857142857143
"Gowen Baratheon",0.00892857142857143,NA,NA,0.00892857142857143
"Gueren",0.00892857142857143,NA,NA,0.00892857142857143
"Gurn",0.00892857142857143,NA,NA,0.00892857142857143
"Gwynesse Harlaw",0.00892857142857143,NA,NA,0.00892857142857143
"Harma",0.00892857142857143,NA,NA,0.00892857142857143
"Harys Haigh",0.00892857142857143,NA,NA,0.00892857142857143
"Hendry Bracken",0.00892857142857143,NA,NA,0.00892857142857143
"Hod",0.00892857142857143,NA,NA,0.00892857142857143
"Holger",0.00892857142857143,NA,NA,0.00892857142857143
"Hop-Robin",0.00892857142857143,NA,NA,0.00892857142857143
"Horned Lord",0.00892857142857143,NA,NA,0.00892857142857143
"Imry Florent",0.00892857142857143,NA,NA,0.00892857142857143
"Jaehaerys I Targaryen",0.00892857142857143,NA,NA,0.00892857142857143
"Jammos Frey",0.00892857142857143,NA,NA,0.00892857142857143
"Jeffory Mallister",0.00892857142857143,NA,NA,0.00892857142857143
"Joanna Lannister",0.00892857142857143,NA,NA,0.00892857142857143
"Jodge",0.00892857142857143,NA,NA,0.00892857142857143
"Jommo",0.00892857142857143,NA,NA,0.00892857142857143
"Jommy",0.00892857142857143,NA,NA,0.00892857142857143
"Jon Stark",0.00892857142857143,NA,NA,0.00892857142857143
"Jonelle Cerwyn",0.00892857142857143,NA,NA,0.00892857142857143
"Jonnel Stark",0.00892857142857143,NA,NA,0.00892857142857143
"Jonos Stark",0.00892857142857143,NA,NA,0.00892857142857143
"Jonothor Darry",0.00892857142857143,NA,NA,0.00892857142857143
"Jorah Stark",0.00892857142857143,NA,NA,0.00892857142857143
"Joramun",0.00892857142857143,NA,NA,0.00892857142857143
"Josmyn Peckledon",0.00892857142857143,NA,NA,0.00892857142857143
"Joss Stilwood",0.00892857142857143,NA,NA,0.00892857142857143
"Jothos Slynt",0.00892857142857143,NA,NA,0.00892857142857143
"Ketter",0.00892857142857143,NA,NA,0.00892857142857143
"Kurleket",0.00892857142857143,NA,NA,0.00892857142857143
"Kyle Royce",0.00892857142857143,NA,NA,0.00892857142857143
"Kym",0.00892857142857143,NA,NA,0.00892857142857143
"Lann the Clever",0.00892857142857143,NA,NA,0.00892857142857143
"Larence Snow",0.00892857142857143,NA,NA,0.00892857142857143
"Layna",0.00892857142857143,NA,NA,0.00892857142857143
"Lew",0.00892857142857143,NA,NA,0.00892857142857143
"Leyton Hightower",0.00892857142857143,NA,NA,0.00892857142857143
"Lharys",0.00892857142857143,NA,NA,0.00892857142857143
"Long Lew",0.00892857142857143,NA,NA,0.00892857142857143
"Lord Brandon",0.00892857142857143,NA,NA,0.00892857142857143
"Lord Cerwyn",0.00892857142857143,NA,NA,0.00892857142857143
"Lord Commander Hoare",0.00892857142857143,NA,NA,0.00892857142857143
"Lord Crakehall",0.00892857142857143,NA,NA,0.00892857142857143
"Lord Lothston",0.00892857142857143,NA,NA,0.00892857142857143
"Lord Mooton",0.00892857142857143,NA,NA,0.00892857142857143
"Lord Swann",0.00892857142857143,NA,NA,0.00892857142857143
"Lord Whent",0.00892857142857143,NA,NA,0.00892857142857143
"Loren I Lannister",0.00892857142857143,NA,NA,0.00892857142857143
"Lothar Mallery",0.00892857142857143,NA,NA,0.00892857142857143
"Lyessa Flint",0.00892857142857143,NA,NA,0.00892857142857143
"Lymond Vikary",0.00892857142857143,NA,NA,0.00892857142857143
"Lync",0.00892857142857143,NA,NA,0.00892857142857143
"Lyonel",0.00892857142857143,NA,NA,0.00892857142857143
"Malcolm",0.00892857142857143,NA,NA,0.00892857142857143
"Malliard",0.00892857142857143,NA,NA,0.00892857142857143
"Mallor",0.00892857142857143,NA,NA,0.00892857142857143
"Mark Ryswell",0.00892857142857143,NA,NA,0.00892857142857143
"Maron Botley",0.00892857142857143,NA,NA,0.00892857142857143
"Marwyn",0.00892857142857143,NA,NA,0.00892857142857143
"Marya Seaworth",0.00892857142857143,NA,NA,0.00892857142857143
"Matarys Targaryen",0.00892857142857143,NA,NA,0.00892857142857143
"Matrice",0.00892857142857143,NA,NA,0.00892857142857143
"Mern IX Gardener",0.00892857142857143,NA,NA,0.00892857142857143
"Mohor",0.00892857142857143,NA,NA,0.00892857142857143
"Moreo Tumitis",0.00892857142857143,NA,NA,0.00892857142857143
"Morgil Hastwyck",0.00892857142857143,NA,NA,0.00892857142857143
"Morosh the Myrman",0.00892857142857143,NA,NA,0.00892857142857143
"Morton Waynwood",0.00892857142857143,NA,NA,0.00892857142857143
"Munciter",0.00892857142857143,NA,NA,0.00892857142857143
"Mychel Redfort",0.00892857142857143,NA,NA,0.00892857142857143
"Myles",0.00892857142857143,NA,NA,0.00892857142857143
"Myriah Martell",0.00892857142857143,NA,NA,0.00892857142857143
"Nella",0.00892857142857143,NA,NA,0.00892857142857143
"Nissa Nissa",0.00892857142857143,NA,NA,0.00892857142857143
"Nymeria",0.00892857142857143,NA,NA,0.00892857142857143
"Ondrew Locke",0.00892857142857143,NA,NA,0.00892857142857143
"Otter Gimpknee",0.00892857142857143,NA,NA,0.00892857142857143
"Petyr Frey",0.00892857142857143,NA,NA,0.00892857142857143
"Philip Foote",0.00892857142857143,NA,NA,0.00892857142857143
"Pollitor",0.00892857142857143,NA,NA,0.00892857142857143
"Poul Pemford",0.00892857142857143,NA,NA,0.00892857142857143
"Praed",0.00892857142857143,NA,NA,0.00892857142857143
"Qalen",0.00892857142857143,NA,NA,0.00892857142857143
"Qos",0.00892857142857143,NA,NA,0.00892857142857143
"Quenten Banefort",0.00892857142857143,NA,NA,0.00892857142857143
"Qyle",0.00892857142857143,NA,NA,0.00892857142857143
"Rainbow Knight",0.00892857142857143,NA,NA,0.00892857142857143
"Raymun Redbeard",0.00892857142857143,NA,NA,0.00892857142857143
"Redwyn",0.00892857142857143,NA,NA,0.00892857142857143
"Regenard Estren",0.00892857142857143,NA,NA,0.00892857142857143
"Rhogoro",0.00892857142857143,NA,NA,0.00892857142857143
"Rodrik Harlaw",0.00892857142857143,NA,NA,0.00892857142857143
"Rodrik Stark",0.00892857142857143,NA,NA,0.00892857142857143
"Rodwell Stark",0.00892857142857143,NA,NA,0.00892857142857143
"Roland Crakehall (lord)",0.00892857142857143,NA,NA,0.00892857142857143
"Rudge",0.00892857142857143,NA,NA,0.00892857142857143
"Rupert Brax",0.00892857142857143,NA,NA,0.00892857142857143
"Rymolf Stormdrunk",0.00892857142857143,NA,NA,0.00892857142857143
"Saathos the Wise",0.00892857142857143,NA,NA,0.00892857142857143
"Satin",0.00892857142857143,NA,NA,0.00892857142857143
"Shella",0.00892857142857143,NA,NA,0.00892857142857143
"Shyra",0.00892857142857143,NA,NA,0.00892857142857143
"Shyra Errol",0.00892857142857143,NA,NA,0.00892857142857143
"Sigrin",0.00892857142857143,NA,NA,0.00892857142857143
"Skittrick",0.00892857142857143,NA,NA,0.00892857142857143
"Skyte",0.00892857142857143,NA,NA,0.00892857142857143
"Spotted Pate",0.00892857142857143,NA,NA,0.00892857142857143
"Squint",0.00892857142857143,NA,NA,0.00892857142857143
"Stannis Seaworth",0.00892857142857143,NA,NA,0.00892857142857143
"Steffon Seaworth",0.00892857142857143,NA,NA,0.00892857142857143
"Sybassion",0.00892857142857143,NA,NA,0.00892857142857143
"Sybelle Glover",0.00892857142857143,NA,NA,0.00892857142857143
"Sylas Sourmouth",0.00892857142857143,NA,NA,0.00892857142857143
"Tallad",0.00892857142857143,NA,NA,0.00892857142857143
"Tanton Fossoway",0.00892857142857143,NA,NA,0.00892857142857143
"Theo Frey",0.00892857142857143,NA,NA,0.00892857142857143
"Theo Wull",0.00892857142857143,NA,NA,0.00892857142857143
"Tobbot",0.00892857142857143,NA,NA,0.00892857142857143
"Todric",0.00892857142857143,NA,NA,0.00892857142857143
"Tom",0.00892857142857143,NA,NA,0.00892857142857143
"Torghen Flint",0.00892857142857143,NA,NA,0.00892857142857143
"Tregar Ormollen",0.00892857142857143,NA,NA,0.00892857142857143
"Trystane Martell",0.0178571428571429,NA,0,0.00892857142857143
"Tuffleberry",0.00892857142857143,NA,NA,0.00892857142857143
"Turnip",0.00892857142857143,NA,NA,0.00892857142857143
"Tya Lannister",0.00892857142857143,NA,NA,0.00892857142857143
"Tygett Lannister",0.00892857142857143,NA,NA,0.00892857142857143
"Uller",0.00892857142857143,NA,NA,0.00892857142857143
"Urrathon Night-Walker",0.00892857142857143,NA,NA,0.00892857142857143
"Urreg",0.00892857142857143,NA,NA,0.00892857142857143
"Urron Greyiron",0.00892857142857143,NA,NA,0.00892857142857143
"Urswyck",0.00892857142857143,NA,NA,0.00892857142857143
"Utt",0.00892857142857143,NA,NA,0.00892857142857143
"Valarr Targaryen",0.00892857142857143,NA,NA,0.00892857142857143
"Walder Frey (son of Emmon)",0.00892857142857143,NA,NA,0.00892857142857143
"Walton Stark",0.00892857142857143,NA,NA,0.00892857142857143
"Waltyr Frey",0.00892857142857143,NA,NA,0.00892857142857143
"Wayn",0.00892857142857143,NA,NA,0.00892857142857143
"Weeper",0.00892857142857143,NA,NA,0.00892857142857143
"Wendamyr",0.00892857142857143,NA,NA,0.00892857142857143
"Wendello Qar Deeth",0.00892857142857143,NA,NA,0.00892857142857143
"Whalen Frey",0.00892857142857143,NA,NA,0.00892857142857143
"Whitesmile Wat",0.00892857142857143,NA,NA,0.00892857142857143
"Willam Dustin",0.00892857142857143,NA,NA,0.00892857142857143
"Willam Stark",0.00892857142857143,NA,NA,0.00892857142857143
"Willit",0.00892857142857143,NA,NA,0.00892857142857143
"Wylla",0.00892857142857143,NA,NA,0.00892857142857143
"Ryger Rivers",0.00892857142857143,NA,0.00833333333333333,0.00863095238095238
"Catspaw",NA,NA,0.00833333333333333,0.00833333333333333
"Dothraki Crones",NA,NA,0.00833333333333333,0.00833333333333333
"Lord Portan",NA,NA,0.00833333333333333,0.00833333333333333
"Reginald Lannister",NA,NA,0.00833333333333333,0.00833333333333333
"Soldier Tom",NA,NA,0.00833333333333333,0.00833333333333333
"Donnel Waynwood",0.00892857142857143,0.0147058823529412,0,0.0078781512605042
"Endrew Tarth",0.0178571428571429,0.00490196078431373,0,0.00758636788048553
"Joss",0.00892857142857143,0.00490196078431373,0.00833333333333333,0.00738795518207283
"Joyeuse Erenford",0.00892857142857143,0.00490196078431373,0.00833333333333333,0.00738795518207283
"Aerys Targaryen",NA,0.0147058823529412,0,0.00735294117647059
"Last hero",0,0.0147058823529412,NA,0.00735294117647059
"Barre",0.00892857142857143,0.00490196078431373,NA,0.00691526610644258
"Cadwyn",0.00892857142857143,0.00490196078431373,NA,0.00691526610644258
"Hubard Rambton",0.00892857142857143,0.00490196078431373,NA,0.00691526610644258
"Ironbelly",0.00892857142857143,0.00490196078431373,NA,0.00691526610644258
"Jaggot",0.00892857142857143,0.00490196078431373,NA,0.00691526610644258
"Quhuru Mo",0.00892857142857143,0.00490196078431373,NA,0.00691526610644258
"Shitmouth",0.00892857142857143,0.00490196078431373,NA,0.00691526610644258
"Symon Silver Tongue",0.00892857142857143,0.00490196078431373,NA,0.00691526610644258
"Torrek",0.00892857142857143,0.00490196078431373,NA,0.00691526610644258
"Tytos Brax",0.00892857142857143,0.00490196078431373,NA,0.00691526610644258
"Visenya Targaryen",0.00892857142857143,0.00490196078431373,NA,0.00691526610644258
"Balerion",NA,0.00490196078431373,NA,0.00490196078431373
"Brandon Tallhart",NA,0.00490196078431373,NA,0.00490196078431373
"Eglantine",0,0.00980392156862745,NA,0.00490196078431373
"Lucas_39.15",NA,0.00490196078431373,NA,0.00490196078431373
"Meraxes",NA,0.00490196078431373,NA,0.00490196078431373
"Vhagar",NA,0.00490196078431373,NA,0.00490196078431373
"Anguy",0.00892857142857143,NA,0,0.00446428571428571
"Anya Waynwood",0.00892857142857143,NA,0,0.00446428571428571
"Jon Umber (son of Jon)",0.00892857142857143,NA,0,0.00446428571428571
"Marei",0.00892857142857143,NA,0,0.00446428571428571
"Martyn Lannister",0.00892857142857143,NA,0,0.00446428571428571
"Moro",0.00892857142857143,NA,0,0.00446428571428571
"Qyburn",0.00892857142857143,NA,0,0.00446428571428571
"Steelshanks Walton",0.00892857142857143,NA,0,0.00446428571428571
"Walder Rivers",0.00892857142857143,NA,0,0.00446428571428571
"Lothar Frey",0,0.00980392156862745,0,0.00326797385620915
"High Sparrow",NA,0.00490196078431373,0,0.00245098039215686
"Wolkan",NA,0.00490196078431373,0,0.00245098039215686
"Melessa Florent",0,0.00490196078431373,0,0.00163398692810458
"Addison Hill",0,NA,NA,0
"Adrack Humble",0,NA,0,0
"Aegon II Targaryen",0,NA,NA,0
"Aegor Rivers",0,NA,NA,0
"Aemon Costayne",0,NA,NA,0
"Aemon Rivers",0,NA,NA,0
"Aemond Targaryen",0,NA,NA,0
"Aenar Targaryen",0,NA,NA,0
"Aethan",0,NA,NA,0
"Aglantine",0,NA,NA,0
"Aladale Wynch",0,NA,NA,0
"Alan of Rosby",0,NA,NA,0
"Alaric of Eysen",0,NA,NA,0
"Alerie Hightower",0,NA,NA,0
"Alesander Frey",0,NA,NA,0
"Alesandor Torrent",0,NA,NA,0
"Alester Oakheart",0,NA,NA,0
"Alf of Runnymudd",0,NA,NA,0
"Alios Qhaedar",0,NA,NA,0
"Alla Tyrell",0,NA,NA,0
"Allaquo",0,NA,NA,0
"Alleras",0,NA,NA,0
"Allyria Dayne",0,NA,NA,0
"Alvyn Sharp",0,NA,NA,0
"Alyce",0,NA,NA,0
"Alyce Graceford",0,NA,NA,0
"Alyn Ambrose",0,NA,NA,0
"Alyn Connington",0,NA,NA,0
"Alyn Hunt",0,NA,NA,0
"Alyn Orkwood",0,NA,NA,0
"Alyn Velaryon",0,NA,NA,0
"Alynne Connington",0,NA,NA,0
"Alys Arryn",0,NA,NA,0
"Alys Karstark",0,NA,0,0
"Alysane Mormont",0,NA,NA,0
"Alysanne Bulwer",0,NA,NA,0
"Alysanne of Tarth",0,NA,NA,0
"Alysanne Targaryen",0,NA,NA,0
"Alyse Ladybright",0,NA,NA,0
"Alyssa Blackwood",0,NA,NA,0
"Alyx Frey",0,NA,NA,0
"Ambrose Butterwell",0,NA,NA,0
"Amerei Frey",0,NA,NA,0
"Anara",NA,NA,0,0
"Andahar",0,NA,NA,0
"Anders Yronwood",0,NA,NA,0
"Andrew Estermont",0,NA,NA,0
"Andrey Charlton",0,NA,NA,0
"Andrey Dalt",0,NA,NA,0
"Annara Farring",0,NA,NA,0
"Anvil Ryn",0,NA,NA,0
"Archibald Yronwood",0,NA,NA,0
"Areo Hotah",0,NA,0,0
"Arianne Martell",0,NA,NA,0
"Arianne Tarth",0,NA,NA,0
"Armen",0,NA,NA,0
"Armond Connington",0,NA,NA,0
"Arnolf Karstark",0,NA,NA,0
"Arron Qorgyle",0,NA,NA,0
"Arryk",0,NA,NA,0
"Arson Iceaxe",0,NA,NA,0
"Arthor Karstark",0,NA,NA,0
"Arthur",NA,NA,0,0
"Arthur Ambrose",0,NA,NA,0
"Artos Flint",0,NA,NA,0
"Artys I Arryn",0,NA,NA,0
"Arwood Frey",0,NA,NA,0
"Arwyn Frey",0,NA,NA,0
"Ash",0,NA,0,0
"Assadora of Ibben",0,NA,NA,0
"Aya",NA,NA,0,0
"Baelor Blacktyde",0,NA,NA,0
"Baelor Hightower",0,NA,NA,0
"Balman Byrch",0,NA,NA,0
"Bannen",0,NA,0,0
"Barba Bracken",0,NA,NA,0
"Barbrey Dustin",0,NA,NA,0
"Barsena Blackhair",0,NA,NA,0
"Barth",0,NA,NA,0
"Bartimus",0,NA,NA,0
"Bayard Norcross",0,NA,NA,0
"Beans",0,NA,NA,0
"Bearded Ben",0,NA,NA,0
"Beardless Dick",0,NA,NA,0
"Beastmaster",0,NA,NA,0
"Becca the Baker",0,NA,NA,0
"Beck",0,NA,NA,0
"Belandra",0,NA,NA,0
"Belaquo Bonebreaker",0,NA,NA,0
"Beldecar",0,NA,NA,0
"Belicho",0,NA,NA,0
"Belicho Paenymion",NA,NA,0,0
"Belicho Staegone",0,NA,NA,0
"Belis",0,NA,NA,0
"Bella",0,NA,NA,0
"Bellegere Otherys",0,NA,NA,0
"Bellonara Otherys",0,NA,NA,0
"Ben",0,NA,NA,0
"Ben Beesbury",0,NA,NA,0
"Ben Bones",0,NA,NA,0
"Ben Bushy",0,NA,NA,0
"Ben Plumm",0,NA,NA,0
"Benedar Belmore",0,NA,NA,0
"Benedict",0,NA,NA,0
"Benerro",0,NA,NA,0
"Benethon Scales",0,NA,NA,0
"Benfrey Frey",0,NA,NA,0
"Benjicot Blackwood",0,NA,NA,0
"Bennet",0,NA,NA,0
"Bernadette",NA,NA,0,0
"Beron",0,NA,NA,0
"Beron Blacktyde",0,NA,NA,0
"Bertram Beesbury",0,NA,NA,0
"Bethany Blackwood",0,NA,NA,0
"Bethany Bolton",0,NA,NA,0
"Bethany Fair-Fingers",0,NA,NA,0
"Bethany Rosby",0,NA,NA,0
"Bianca",NA,NA,0,0
"Big Belly Ben",0,NA,NA,0
"Big Boil",0,NA,NA,0
"Black Balaq",0,NA,NA,0
"Black Bernarr",0,NA,NA,0
"Black Fist",0,NA,NA,0
"Black Gerrold",0,NA,NA,0
"Black Jack Bulwer",NA,NA,0,0
"Black Knife",0,NA,NA,0
"Blackshield",0,NA,NA,0
"Blane",0,NA,NA,0
"Blind Beqqo",0,NA,NA,0
"Blind Doss",0,NA,NA,0
"Bloodbeard",0,NA,NA,0
"Blushing Bethany",0,NA,NA,0
"Bobono",NA,NA,0,0
"Bodger",0,NA,NA,0
"Bokkoko",0,NA,NA,0
"Books",0,NA,NA,0
"Boremund Harlaw",0,NA,NA,0
"Borroq",0,NA,NA,0
"Bors",0,NA,NA,0
"Boy",0,NA,NA,0
"Brandon Norrey",0,NA,NA,0
"Brant",NA,NA,0,0
"Brea",0,NA,0,0
"Brella",0,NA,NA,0
"Brendel Byrne",0,NA,NA,0
"Brenett",0,NA,NA,0
"Briar",0,NA,NA,0
"Brogg",0,NA,NA,0
"Brozho",NA,NA,0,0
"Brus Buckler",0,NA,NA,0
"Brusco",0,NA,0,0
"Bryen",0,NA,NA,0
"Brynden Blackwood",0,NA,NA,0
"Bump",0,NA,NA,0
"Burton Humble",0,NA,NA,0
"Butterbumps",0,NA,NA,0
"Butts",0,NA,NA,0
"Byam Flint",0,NA,NA,0
"Byron Swann",0,NA,NA,0
"Byron the Beautiful",0,NA,NA,0
"Caggo",0,NA,NA,0
"Caleotte",0,NA,0,0
"Camarron of the Count",0,NA,NA,0
"Camello",NA,NA,0,0
"Canker Jeyne",0,NA,NA,0
"Canty",0,NA,NA,0
"Carellen Smallwood",0,NA,NA,0
"Carrot",0,NA,NA,0
"Cass",0,NA,NA,0
"Casso Mogat",0,NA,NA,0
"Cedra",0,NA,NA,0
"Cedric Payne",0,NA,NA,0
"Cedrik Storm",0,NA,NA,0
"Cersei Frey",0,NA,NA,0
"Cetherys",0,NA,NA,0
"Charioteer",0,NA,NA,0
"Chyttering (father of Lucos)",0,NA,NA,0
"Clarence Crabb",0,NA,NA,0
"Clarence Crabb (Short)",0,NA,NA,0
"Clarenzo",NA,NA,0,0
"Clayton Suggs",0,NA,NA,0
"Clea",NA,NA,0,0
"Clement",0,NA,NA,0
"Clement Crabb",0,NA,NA,0
"Clement Piper",0,NA,NA,0
"Cleon",0,NA,NA,0
"Cleon the Second",0,NA,NA,0
"Cletus Yronwood",0,NA,NA,0
"Clubfoot Karl",0,NA,0,0
"Coals",0,NA,NA,0
"Coldhands",0,NA,NA,0
"Collio Quaynis",0,NA,NA,0
"Colloquo Votar",0,NA,NA,0
"Cooper",NA,NA,0,0
"Corliss Penny",0,NA,NA,0
"Cossomo the Conjurer",0,NA,NA,0
"Courtenay Greenhill",0,NA,NA,0
"Crackbones",0,NA,NA,0
"Cragorn",0,NA,NA,0
"Craya",NA,NA,0,0
"Cregan Karstark",0,NA,NA,0
"Creighton Longbough",0,NA,NA,0
"Criston Cole",0,NA,NA,0
"Cromm",0,NA,NA,0
"Daario Naharis",0,NA,0,0
"Daegon Shepherd",0,NA,NA,0
"Daemon Blackfyre",0,NA,NA,0
"Daemon Sand",0,NA,NA,0
"Daena Targaryen",0,NA,NA,0
"Daenerys Targaryen (daughter of Aegon IV)",0,NA,NA,0
"Dagon Codd",0,NA,NA,0
"Dagon Greyjoy",0,NA,NA,0
"Dagon Greyjoy (Drunkard)",0,NA,NA,0
"Dagos Manwoody",0,NA,NA,0
"Dake",0,NA,NA,0
"Dale Drumm",0,NA,NA,0
"Damion Lannister",0,NA,NA,0
"Damon Dance-for-Me",0,NA,NA,0
"Damon Vypren",0,NA,NA,0
"Dan",0,NA,NA,0
"Danelle Lothston",0,NA,NA,0
"Dannel",0,NA,NA,0
"Danny Flint",0,NA,NA,0
"Daughter of the Dusk",0,NA,NA,0
"Del",0,NA,NA,0
"Demon of Darry",0,NA,NA,0
"Denestan",0,NA,NA,0
"Dennet",0,NA,NA,0
"Denyo Terys",0,NA,NA,0
"Denys Arryn",0,NA,NA,0
"Denys Darklyn",0,NA,NA,0
"Denys Drumm",0,NA,NA,0
"Denzo D'han",0,NA,NA,0
"Derek",NA,NA,0,0
"Dermot of the Rainwood",0,NA,NA,0
"Desmera Redwyne",0,NA,NA,0
"Desmond Crakehall",NA,NA,0,0
"Devyn Sealskinner",0,NA,NA,0
"Deziel Dalt",0,NA,NA,0
"Dhazzar",0,NA,NA,0
"Dick Cole",0,NA,NA,0
"Dick Crabb",0,NA,NA,0
"Dick Follard",0,NA,NA,0
"Dick Straw",0,NA,NA,0
"Dickon Manwoody",0,NA,NA,0
"Dim Dalba",NA,NA,0,0
"Dirah",NA,NA,0,0
"Dirk",0,NA,NA,0
"Donel Greyjoy",0,NA,NA,0
"Dongo",NA,NA,0,0
"Doniphos Paenymion",0,NA,NA,0
"Donnel Drumm",0,NA,NA,0
"Donnel Flint",0,NA,NA,0
"Donnel Haigh",0,NA,NA,0
"Donnel Hill",0,NA,0,0
"Donnel of Duskendale",0,NA,NA,0
"Donnel Swann",0,NA,NA,0
"Donyse",0,NA,NA,0
"Dorcas",0,NA,NA,0
"Dorden the Dour",0,NA,NA,0
"Dorea Sand",0,NA,NA,0
"Dormund",0,NA,NA,0
"Dorna Swyft",0,NA,NA,0
"Dornish Dilly",0,NA,NA,0
"Draqaz",0,NA,NA,0
"Droopeye Dale",0,NA,NA,0
"Dryn",0,NA,NA,0
"Dudley",0,NA,NA,0
"Duncan Liddle",0,NA,NA,0
"Duncan Targaryen",0,NA,NA,0
"Duncan the Tall",0,NA,NA,0
"Duran",0,NA,NA,0
"Dyah",0,NA,NA,0
"Easy",0,NA,NA,0
"Ebrose",0,NA,0,0
"Edgar Yronwood",0,NA,NA,0
"Edgerran Oakheart",0,NA,NA,0
"Edmund Ambrose",0,NA,NA,0
"Edmund Waxley",0,NA,NA,0
"Edric Dayne",0,NA,NA,0
"Eladon Goldenhair",0,NA,NA,0
"Elder Brother",0,NA,NA,0
"Eldred Codd",0,NA,NA,0
"Eldrick Sarsfield",NA,NA,0,0
"Eleanor Swann",NA,NA,0,0
"Eleyna Westerling",0,NA,NA,0
"Elia Sand",0,NA,NA,0
"Elinor Tyrell",0,NA,NA,0
"Ellaria Sand",0,NA,0,0
"Ellendor",0,NA,NA,0
"Ellyn Reyne",0,NA,NA,0
"Elwood",0,NA,NA,0
"Elwood Harte",0,NA,NA,0
"Elys Waynwood",0,NA,NA,0
"Elys Westerling",0,NA,NA,0
"Emma",0,NA,NA,0
"Emmett",0,NA,NA,0
"Emmond",0,NA,NA,0
"Erena Glover",0,NA,NA,0
"Erik Ironmaker",0,NA,NA,0
"Erreck",0,NA,NA,0
"Erreg the Kinslayer",0,NA,NA,0
"Errok",0,NA,NA,0
"Erryk",0,NA,NA,0
"Eustace (Braavos)",0,NA,NA,0
"Eustace Brune",0,NA,NA,0
"Ezzara",0,NA,NA,0
"Ezzelyno",0,NA,NA,0
"Faezhar zo Faez",0,NA,NA,0
"Falia Flowers",0,NA,NA,0
"Fat fellow",0,NA,NA,0
"Fennesz",NA,NA,0,0
"Fergus",NA,NA,0,0
"Fern",0,NA,NA,0
"Ferny",0,NA,NA,0
"Fingers",0,NA,NA,0
"Fletcher Dick",0,NA,NA,0
"Fletcher Will",0,NA,NA,0
"Fornio",0,NA,NA,0
"Forzho",NA,NA,0,0
"Fralegg",0,NA,NA,0
"Frances",NA,NA,0,0
"Franklyn Flowers",0,NA,NA,0
"Franklyn Fowler",0,NA,NA,0
"Frenya",0,NA,NA,0
"Frynne",0,NA,NA,0
"Fulk the Flea",0,NA,NA,0
"Galazza Galare",0,NA,NA,0
"Galendro",0,NA,NA,0
"Galladon of Morne",0,NA,NA,0
"Galladon Tarth",0,NA,NA,0
"Galyeon of Cuy",0,NA,NA,0
"Garigus",0,NA,NA,0
"Garin (orphan)",0,NA,NA,0
"Garin the Great",0,NA,NA,0
"Garrett Greenspear",0,NA,NA,0
"Garrett Paege",0,NA,NA,0
"Garrison Prester",0,NA,NA,0
"Garse",0,NA,NA,0
"Garse Goodbrook",0,NA,NA,0
"Garth",0,NA,NA,0
"Garth Greenhand",0,NA,NA,0
"Garth Greyfeather",0,NA,NA,0
"Garth Hightower",0,NA,NA,0
"Garth of Greenaway",0,NA,NA,0
"Garth of Oldtown",0,NA,NA,0
"Garth Tyrell",0,NA,NA,0
"Garth XII Gardener",0,NA,NA,0
"Gascoyne of the Greenblood",0,NA,NA,0
"Gatins",NA,NA,0,0
"Gavin the Trader",0,NA,NA,0
"Gawen Glover",0,NA,NA,0
"Gella",0,NA,NA,0
"Genna",NA,NA,0,0
"Gerald Gower",0,NA,NA,0
"Gerardys",0,NA,NA,0
"Gerion Lannister",0,NA,NA,0
"Germund Botley",0,NA,NA,0
"Gerold Dayne",0,NA,NA,0
"Gerold Grafton",0,NA,NA,0
"Gerrick Kingsblood",0,NA,NA,0
"Gerris Drinkwater",0,NA,NA,0
"Gerrold Redback",0,NA,NA,0
"Ghael",0,NA,NA,0
"Ghazdor zo Ahlaq",0,NA,NA,0
"Ghita",NA,NA,0,0
"Ghost of High Heart",0,NA,NA,0
"Gillam",0,NA,NA,0
"Gilwood Hunter",0,NA,NA,0
"Ginger Jack",0,NA,NA,0
"Glendon Hewett",0,NA,NA,0
"Goady",0,NA,NA,0
"Godric Borrell",0,NA,NA,0
"Godry Farring",0,NA,NA,0
"Goghor the Giant",0,NA,NA,0
"Goodwife Maerie",0,NA,NA,0
"Goodwin",0,NA,NA,0
"Gordy",NA,NA,0,0
"Gorghan of Old Ghis",0,NA,NA,0
"Gormon Tyrell",0,NA,NA,0
"Gormond Drumm",0,NA,NA,0
"Gormond Goodbrother",0,NA,NA,0
"Gorys Edoryen",0,NA,NA,0
"Gorzhak zo Eraz",0,NA,NA,0
"Gran Goodbrother",0,NA,NA,0
"Grazdan 2",0,NA,NA,0
"Grazdan 3",0,NA,NA,0
"Grazdan 4",0,NA,NA,0
"Grazdan mo Eraz",0,NA,NA,0
"Grazdan mo Ullhor",0,NA,NA,0
"Grazdan zo Galare",0,NA,NA,0
"Grazhar zo Galare",0,NA,NA,0
"Great Walrus",0,NA,NA,0
"Greatheart",0,NA,NA,0
"Green Gergen",0,NA,NA,0
"Greenbeard",0,NA,NA,0
"Greizhen mo Ullhor",NA,NA,0,0
"Gretchel",0,NA,NA,0
"Grey King",0,NA,NA,0
"Grey Worm",0,NA,0,0
"Greydon Goodbrother",0,NA,NA,0
"Griffin King",0,NA,NA,0
"Grigg the Goat",0,NA,NA,0
"Grimtongue",0,NA,NA,0
"Grisel",0,NA,NA,0
"Grisella",0,NA,NA,0
"Groleo",0,NA,NA,0
"Grubbs",0,NA,NA,0
"Grunt",0,NA,NA,0
"Gulian",0,NA,NA,0
"Gunthor Hightower",0,NA,NA,0
"Guthor Grimm",0,NA,NA,0
"Guymon",NA,NA,0,0
"Gwayne Corbray",0,NA,NA,0
"Gwayne Gaunt",0,NA,NA,0
"Gwin Goodbrother",0,NA,NA,0
"Gwyneth Yronwood",0,NA,NA,0
"Gylbert Farwynd",0,NA,NA,0
"Gyleno Dothare",0,NA,NA,0
"Gyles",0,NA,NA,0
"Gyles Belgrave",0,NA,NA,0
"Gyles Grafton",0,NA,NA,0
"Gylo Rhegan",0,NA,NA,0
"Gyloro Dothare",0,NA,NA,0
"Gysella Goodbrother",0,NA,NA,0
"Haereg",0,NA,NA,0
"Hagen the Horn",0,NA,NA,0
"Haggon",0,NA,NA,0
"Hairy Hal",0,NA,NA,0
"Hal the Hog",0,NA,NA,0
"Haldon",0,NA,NA,0
"Halleck",0,NA,NA,0
"Hamish the Harper",0,NA,NA,0
"Hammer",0,NA,NA,0
"Harald Karstark",NA,NA,0,0
"Hareth (maester)",0,NA,NA,0
"Hareth (Mole's Town)",0,NA,NA,0
"Harghaz",0,NA,NA,0
"Harlan Grandison",0,NA,NA,0
"Harlan Hunter",0,NA,NA,0
"Harle the Handsome",0,NA,NA,0
"Harle the Huntsman",0,NA,NA,0
"Harlon Greyjoy",0,NA,NA,0
"Harlon Stark",0,NA,NA,0
"Harmen Uller",0,NA,NA,0
"Harmond Umber",0,NA,NA,0
"Harmund Sharp",0,NA,NA,0
"Harmune",0,NA,NA,0
"Harrag",NA,NA,0,0
"Harrag Hoare",0,NA,NA,0
"Harras Harlaw",0,NA,NA,0
"Harren Botley",0,NA,NA,0
"Harren Half-Hoare",0,NA,NA,0
"Harrold Hardyng",0,NA,NA,0
"Harry Merrell",0,NA,NA,0
"Harry Rivers",0,NA,NA,0
"Harry Sawyer",0,NA,NA,0
"Harry Strickland",0,NA,0,0
"Harsley",0,NA,NA,0
"Harwood Fell",0,NA,NA,0
"Harwood Stout",0,NA,NA,0
"Harwyn Plumm",0,NA,NA,0
"Harys Cobb",0,NA,NA,0
"Hazrak zo Loraq",0,NA,NA,0
"Hazzea",0,NA,NA,0
"Helliweg",0,NA,NA,0
"Helly",0,NA,NA,0
"Henk",NA,NA,0,0
"Henk the Helm",0,NA,NA,0
"Henly (maester)",0,NA,NA,0
"Herbert Bolling",0,NA,NA,0
"Hero",0,NA,NA,0
"Hibald",0,NA,NA,0
"Hildy",0,NA,NA,0
"Hilmar Drumm",0,NA,NA,0
"Hizdahr zo Loraq",0,NA,0,0
"Hoarfrost Umber",0,NA,NA,0
"Hoke",0,NA,NA,0
"Holly",0,NA,NA,0
"Hookface Will",0,NA,NA,0
"Hop-Bean",0,NA,NA,0
"Horonno",0,NA,NA,0
"Horton Redfort",0,NA,NA,0
"Hoster Blackwood",0,NA,NA,0
"Hotho Harlaw",0,NA,NA,0
"Howd Wanderer",0,NA,NA,0
"Hugh Beesbury",0,NA,NA,0
"Hugh Clifton",0,NA,NA,0
"Hugh Grandison",0,NA,NA,0
"Hugh Hungerford",0,NA,NA,0
"Hugo Vance",0,NA,NA,0
"Hugo Wull",0,NA,NA,0
"Hugor of the Hill",0,NA,NA,0
"Humfrey Clifton",0,NA,NA,0
"Humfrey Hewett",0,NA,NA,0
"Humfrey Hightower",0,NA,NA,0
"Humfrey Swyft",0,NA,NA,0
"Humfrey Wagstaff",0,NA,NA,0
"Humfrey Waters",0,NA,NA,0
"Husband",0,NA,NA,0
"Hyle Hunt",0,NA,NA,0
"Iggo",0,NA,0,0
"Illifer",0,NA,NA,0
"Ithoke",0,NA,NA,0
"Izembaro",0,NA,0,0
"Jace (Night's Watch)",0,NA,NA,0
"Jack-Be-Lucky",0,NA,NA,0
"Jack Bulwer",0,NA,NA,0
"Jack Crabb",0,NA,NA,0
"Jack Musgood",0,NA,NA,0
"Janna Tyrell",0,NA,NA,0
"Janyce Hunter",0,NA,NA,0
"Jarl",0,NA,NA,0
"Jasper Arryn",0,NA,NA,0
"Jasper Waynwood",0,NA,NA,0
"Jate",0,NA,NA,0
"Jate Blackberry",0,NA,NA,0
"Jax",0,NA,NA,0
"Jayde",0,NA,NA,0
"Jeffory Norcross",0,NA,NA,0
"Jennelyn Fowler",0,NA,NA,0
"Jenny of Oldstones",0,NA,NA,0
"Jeyne Darry",0,NA,NA,0
"Jeyne Farman",0,NA,NA,0
"Jeyne Fowler",0,NA,NA,0
"Jeyne Heddle",0,NA,NA,0
"Jeyne Swann",0,NA,NA,0
"Jeyne Westerling",0,NA,NA,0
"Jeyne Westerling (wife of Maegor I)",0,NA,NA,0
"Jez",0,NA,NA,0
"Jezhene",0,NA,NA,0
"Jocelyn Swyft",0,NA,NA,0
"Johnna",NA,NA,0,0
"Jon Bettley",0,NA,NA,0
"Jon Connington",0,NA,NA,0
"Jon Heddle",0,NA,NA,0
"Jon Hollard",0,NA,NA,0
"Jon Lynderly",0,NA,NA,0
"Jon Myre",0,NA,NA,0
"Jon Penny",0,NA,NA,0
"Jon Pox",0,NA,NA,0
"Jorelle Mormont",0,NA,NA,0
"Jorquen",0,NA,NA,0
"Joseran",0,NA,NA,0
"Joss the Gloom",0,NA,NA,0
"Joth Quickbow",0,NA,NA,0
"Joy Hill",0,NA,NA,0
"Justin Massey",0,NA,NA,0
"Jynessa Blackmont",0,NA,NA,0
"Jyzene",0,NA,NA,0
"Kaeth",0,NA,NA,0
"Karlon Stark",0,NA,NA,0
"Karsi",NA,NA,0,0
"Kasporio",0,NA,NA,0
"Kayla",NA,NA,0,0
"Kedge Whiteye",0,NA,NA,0
"Kedry",0,NA,NA,0
"Kegs",0,NA,0,0
"Kella",0,NA,NA,0
"Kem",0,NA,NA,0
"Kemmett Pyke",0,NA,NA,0
"Kennet (Flea Bottom)",0,NA,NA,0
"Kennos of Kayce",0,NA,NA,0
"Kerwin",0,NA,NA,0
"Kesh",NA,NA,0,0
"Kezmya Pahl",0,NA,NA,0
"Khorane Sathmantes",0,NA,NA,0
"Khrazz",0,NA,NA,0
"King Cutthroat",0,NA,NA,0
"Kinvara",NA,NA,0,0
"Knight of the Red Chicken",0,NA,NA,0
"Kojja Mo",0,NA,NA,0
"Koner",NA,NA,0,0
"Korra",0,NA,NA,0
"Kraznys mo Nakloz",0,NA,0,0
"Kyle",0,NA,NA,0
"Kyleg of the Wooden Ear",0,NA,NA,0
"Kyra Frey",0,NA,NA,0
"Lacey",0,NA,NA,0
"Lady Deddings",0,NA,NA,0
"Lady of the Leaves",0,NA,NA,0
"Lady Rykker",0,NA,NA,0
"Lady Stork",NA,NA,0,0
"Lambert Turnberry",0,NA,NA,0
"Lambert Whitewater",0,NA,NA,0
"Lamprey",0,NA,NA,0
"Lanna (Peach)",0,NA,NA,0
"Larra Blackmont",0,NA,NA,0
"Larraq",0,NA,NA,0
"Laswell Peake",0,NA,NA,0
"Leaf",0,NA,0,0
"Leathers",0,NA,NA,0
"Left Hand Lew",0,NA,NA,0
"Lem",0,NA,0,0
"Lemore",0,NA,NA,0
"Lenn",0,NA,NA,0
"Lennocks",0,NA,NA,0
"Lenwood Tawney",0,NA,NA,0
"Lenyl",0,NA,NA,0
"Leo Tyrell (Longthorn)",0,NA,NA,0
"Leona Woolfield",0,NA,NA,0
"Leonette Fossoway",0,NA,NA,0
"Leslyn",0,NA,NA,0
"Leslyn Haigh",0,NA,NA,0
"Lester",0,NA,NA,0
"Lester Morrigen",0,NA,NA,0
"Lewis Lanster",0,NA,NA,0
"Lewys Piper",0,NA,NA,0
"Lewys the Fishwife",0,NA,NA,0
"Lhara",NA,NA,0,0
"Likely Luke",0,NA,NA,0
"Lister",0,NA,NA,0
"Loboda",NA,NA,0,0
"Locke",NA,NA,0,0
"Lomas Longstrider",0,NA,NA,0
"Longwater Pyke",0,NA,NA,0
"Lorcas",0,NA,NA,0
"Lord Belgrave",0,NA,NA,0
"Lord Blackmont",NA,NA,0,0
"Lord Blackwood",0,NA,NA,0
"Lord Borrell (father of Godric)",0,NA,NA,0
"Lord Bracken",0,NA,NA,0
"Lord Cafferen",0,NA,NA,0
"Lord Caswell",0,NA,NA,0
"Lord Commander Qorgyle",0,NA,NA,0
"Lord Corbray",0,NA,NA,0
"Lord Darry",0,NA,NA,0
"Lord Deddings",0,NA,NA,0
"Lord Dondarrion",0,NA,NA,0
"Lord Farman",0,NA,NA,0
"Lord Fell",0,NA,NA,0
"Lord Goodbrook",0,NA,NA,0
"Lord Grandison",0,NA,NA,0
"Lord Harroway",0,NA,NA,0
"Lord of Godsgrace",0,NA,NA,0
"Lord Ryswell (Night's Watch)",0,NA,NA,0
"Lord Slate",0,NA,NA,0
"Lordling",0,NA,NA,0
"Loreza Sand",0,NA,NA,0
"Lorimer the Belly",0,NA,NA,0
"Lormelle Long Lance",0,NA,NA,0
"Loron Greyjoy",0,NA,NA,0
"Lorren Longaxe",0,NA,NA,0
"Lotho Lornel",0,NA,NA,0
"Loyal Spear",0,NA,NA,0
"Lucamore Strong",0,NA,NA,0
"Lucantine Woodwright",0,NA,NA,0
"Lucas Codd",0,NA,NA,0
"Lucas Lothston (father of Manfryd)",0,NA,NA,0
"Lucas Roote",0,NA,NA,0
"Luceon Frey",0,NA,NA,0
"Lucias Vypren",0,NA,NA,0
"Lucifer Hardy",0,NA,NA,0
"Lucifer Long",0,NA,NA,0
"Luco Prestayn",0,NA,NA,0
"Lucos",0,NA,NA,0
"Lucos Chyttering",0,NA,NA,0
"Luke of Longtown",0,NA,NA,0
"Lum",0,NA,NA,0
"Luthor Tyrell",0,NA,NA,0
"Luton",0,NA,NA,0
"Lyanna Mormont",0,NA,0,0
"Lymond Goodbrook",0,NA,NA,0
"Lymond Lychester",0,NA,NA,0
"Lymond Pease",0,NA,NA,0
"Lyonel Corbray",0,NA,NA,0
"Lyonel Selmy",0,NA,NA,0
"Lyonel Tyrell (lord)",0,NA,NA,0
"Lyra Mormont",0,NA,NA,0
"Lysono Maar",0,NA,NA,0
"Lythene Frey",0,NA,NA,0
"Mad Axe",0,NA,NA,0
"Maddy",0,NA,NA,0
"Maelys Blackfyre",0,NA,NA,0
"Maerie the Whore",0,NA,NA,0
"Mag Mar Tun Doh Weg",0,NA,0,0
"Maggy the Frog",0,NA,0,0
"Maisie",0,NA,NA,0
"Malaquo Maegyr",0,NA,NA,0
"Malazza",0,NA,NA,0
"Malegorn of Redpool",0,NA,NA,0
"Malko",NA,NA,0,0
"Malo Jayn",0,NA,NA,0
"Malora Hightower",0,NA,NA,0
"Manfred Hightower (Aegon's Conquest)",0,NA,NA,0
"Manfred Swann",0,NA,NA,0
"Manfrey Martell",0,NA,NA,0
"Manfryd Lothston",0,NA,NA,0
"Manfryd Merlyn",0,NA,NA,0
"Manfryd Yew",0,NA,NA,0
"Manly Stokeworth",0,NA,NA,0
"Marghaz zo Loraq",0,NA,NA,0
"Marissa Frey",0,NA,NA,0
"Mariya Darry",0,NA,NA,0
"Marlon Manderly",0,NA,NA,0
"Maron Martell",0,NA,NA,0
"Maron Volmark",0,NA,NA,0
"Marq Grafton",0,NA,NA,0
"Marq Mandrake",0,NA,NA,0
"Marq Rankenfell",0,NA,NA,0
"Marselen",0,NA,NA,0
"Martha",NA,NA,0,0
"Marwyn Belmore",0,NA,NA,0
"Maslyn",0,NA,NA,0
"Matt",0,NA,NA,0
"Mawney",0,NA,NA,0
"Maynard",0,NA,NA,0
"Mazdhan zo Loraq",0,NA,NA,0
"Medrick",0,NA,NA,0
"Megga Tyrell",0,NA,NA,0
"Meha",0,NA,NA,0
"Meizo Mahr",0,NA,NA,0
"Mela",0,NA,NA,0
"Melara Hetherspoon",0,NA,0,0
"Meldred Merlyn",0,NA,NA,0
"Meliana",0,NA,NA,0
"Melicent",0,NA,NA,0
"Melissa Blackwood",0,NA,NA,0
"Mellario",0,NA,NA,0
"Mellei",0,NA,NA,0
"Melly",0,NA,NA,0
"Meralyn",0,NA,NA,0
"Meredyth Crane",0,NA,NA,0
"Merianne Frey",0,NA,0,0
"Meribald",0,NA,NA,0
"Merion",0,NA,NA,0
"Meris",0,NA,NA,0
"Merling Queen",0,NA,NA,0
"Merlon Crakehall",0,NA,NA,0
"Mero",0,NA,0,0
"Merrel",0,NA,NA,0
"Merrit",0,NA,NA,0
"Methyso",0,NA,NA,0
"Mezzara Merreq",0,NA,NA,0
"Michael Mertyns",0,NA,NA,0
"Miklaz",0,NA,NA,0
"Mirelle",NA,NA,0,0
"Missandei",0,NA,0,0
"Moelle",0,NA,0,0
"Mollander",0,NA,NA,0
"Mollono Yos Dob",0,NA,NA,0
"Mollos",0,NA,NA,0
"Monster",0,NA,NA,0
"Monterys Velaryon",0,NA,NA,0
"Moonshadow",0,NA,NA,0
"Moqorro",0,NA,NA,0
"Morag",NA,NA,0,0
"Moredo Prestayn",0,NA,NA,0
"Morgan",0,NA,0,0
"Morgan Liddle",0,NA,NA,0
"Morgarth",0,NA,NA,0
"Morghaz zo Zherzyn",0,NA,NA,0
"Morgo",0,NA,NA,0
"Moribald Chester",0,NA,NA,0
"Morna White Mask",0,NA,NA,0
"Morra",0,NA,NA,0
"Mors Manwoody",0,NA,NA,0
"Mors Martell",0,NA,NA,0
"Moryn Tyrell",0,NA,NA,0
"Mossador",0,NA,0,0
"Mother Mole",0,NA,NA,0
"Motho",0,NA,NA,0
"Mudge (miller)",0,NA,NA,0
"Mullin",0,NA,NA,0
"Mully",0,NA,0,0
"Munda",0,NA,NA,0
"Munkun",0,NA,NA,0
"Murenmure",0,NA,NA,0
"Murmison",0,NA,NA,0
"Muttering Bill",0,NA,NA,0
"Mylenda Caron",0,NA,NA,0
"Myles Manwoody",0,NA,NA,0
"Myles Mooton",0,NA,NA,0
"Myles Smallwood",0,NA,NA,0
"Myles Toyne",0,NA,NA,0
"Myranda",NA,NA,0,0
"Myranda Royce",0,NA,NA,0
"Myria Jordayne",0,NA,NA,0
"Myrio Myrakis",0,NA,NA,0
"Myrmello",0,NA,NA,0
"Myrtle",0,NA,NA,0
"Nage",0,NA,NA,0
"Naggle",0,NA,NA,0
"Nail",0,NA,NA,0
"Narbert",0,NA,NA,0
"Narbert Grandison",0,NA,NA,0
"Narbo",0,NA,NA,0
"Ned Umber",NA,NA,0,0
"Ned Woods",0,NA,NA,0
"Night's King",0,NA,0,0
"Nightingale",0,NA,NA,0
"Noho Dimittis",0,NA,NA,0
"Nolla",0,NA,NA,0
"Norbert Vance",0,NA,NA,0
"Norjen",0,NA,NA,0
"Norne Goodbrother",0,NA,NA,0
"Norren",0,NA,NA,0
"Notch",0,NA,NA,0
"Nurse",0,NA,NA,0
"Nute",0,NA,NA,0
"Nyessos Vhassar",0,NA,NA,0
"Nymella Toland",0,NA,NA,0
"Nymeria Sand",0,NA,0,0
"Nysterica",0,NA,NA,0
"Obara Sand",0,NA,0,0
"Obella Sand",0,NA,NA,0
"Oberyn Martell",0,NA,0,0
"Old Bill Bone",0,NA,NA,0
"Old Grey Gull",0,NA,NA,0
"Old Henly",0,NA,NA,0
"Old Lord Dustin",0,NA,NA,0
"Old Pate",0,NA,NA,0
"Old Tattersalt",0,NA,NA,0
"Olenna Redwyne",0,NA,0,0
"Ollidor",0,NA,NA,0
"Ollo Lophand",0,NA,NA,0
"Olly",NA,NA,0,0
"Olyvar",NA,NA,0,0
"Olyvar Martell",0,NA,NA,0
"Olyvar Oakheart",0,NA,NA,0
"Omer Blackberry",0,NA,NA,0
"Oppo",0,NA,NA,0
"Orbelo",0,NA,NA,0
"Orbert Caswell",0,NA,NA,0
"Ordello",0,NA,NA,0
"Orivel",0,NA,NA,0
"Orland of Oldtown",0,NA,NA,0
"Ormond",0,NA,NA,0
"Ormond Yronwood",0,NA,NA,0
"Ormund Wylde",0,NA,NA,0
"Ornela",NA,NA,0,0
"Orphan Oss",0,NA,NA,0
"Orson Stone",0,NA,NA,0
"Orton Merryweather",0,NA,NA,0
"Osbert Serry",0,NA,NA,0
"Osgood Arryn",0,NA,NA,0
"Osric Stark",0,NA,NA,0
"Ossifer Plumm",0,NA,NA,0
"Ossy",0,NA,NA,0
"Oswell Kettleblack",0,NA,NA,0
"Oswin Arryn",0,NA,NA,0
"Oswyn",0,NA,NA,0
"Otto Hightower",0,NA,NA,0
"Ottomore",0,NA,NA,0
"Owen (knight)",0,NA,NA,0
"Owen Inchfield",0,NA,NA,0
"Owen Merryweather",0,NA,NA,0
"Owen Norrey",0,NA,NA,0
"Owen the Oaf",0,NA,NA,0
"Oznak zo Pahl",0,NA,0,0
"Paezhar zo Myraq",0,NA,NA,0
"Parquello Vaelaros",0,NA,NA,0
"Pate (novice)",0,NA,NA,0
"Pate (orphan)",0,NA,NA,0
"Pate of Lancewood",0,NA,NA,0
"Pate of Mory",0,NA,NA,0
"Pate of Shermer's Grove",0,NA,NA,0
"Patrek of King's Mountain",0,NA,NA,0
"Penny",0,NA,NA,0
"Perestan",0,NA,NA,0
"Perfumed Hero",0,NA,NA,0
"Perkin Follard",0,NA,NA,0
"Perros Blackmont",0,NA,NA,0
"Philip Plumm",0,NA,NA,0
"Pimply squire",0,NA,NA,0
"Pisswater prince",0,NA,NA,0
"Plague face",0,NA,NA,0
"Poetess",0,NA,NA,0
"Porridge",0,NA,NA,0
"Portifer Woodwright",0,NA,NA,0
"Prendahl na Ghezn",0,NA,0,0
"Puckens",0,NA,NA,0
"Puddingfoot",0,NA,NA,0
"Pyg",0,NA,NA,0
"Pynto",0,NA,NA,0
"Pytho Malanon",0,NA,NA,0
"Qarl Kenning",0,NA,NA,0
"Qarl Quickaxe",0,NA,NA,0
"Qarl Shepherd",0,NA,NA,0
"Qarl the Thrall",0,NA,NA,0
"Qarlton Chelsted",0,NA,NA,0
"Qavo Nogarys",0,NA,NA,0
"Qezza Galare",0,NA,NA,0
"Qhono",NA,NA,0,0
"Qorro",NA,NA,0,0
"Queen Whore",0,NA,NA,0
"Quellon Greyjoy",0,NA,NA,0
"Quellon Humble",0,NA,NA,0
"Quence",0,NA,NA,0
"Quenn",0,NA,NA,0
"Quenton Greyjoy",0,NA,NA,0
"Quenton Hightower",0,NA,NA,0
"Quentyn Martell",0,NA,NA,0
"Quill",0,NA,NA,0
"Quincy Cox",0,NA,NA,0
"Quort",0,NA,NA,0
"Ragnor Pyke",0,NA,NA,0
"Ralf Kenning",0,NA,0,0
"Ralf of Lordsport",0,NA,NA,0
"Ralf Stonehouse",0,NA,NA,0
"Ralf the Limper",0,NA,NA,0
"Ralf the Shepherd",0,NA,NA,0
"Ralph Buckler",0,NA,NA,0
"Randa",0,NA,NA,0
"Rat Cook",0,NA,NA,0
"Ravella Swann",0,NA,NA,0
"Rawney",0,NA,NA,0
"Ray",NA,NA,0,0
"Raymar Royce",0,NA,NA,0
"Raymond Nayland",0,NA,NA,0
"Raymund Connington",0,NA,NA,0
"Raymund Frey",0,NA,NA,0
"Raynald Westerling",0,NA,NA,0
"Raynard",0,NA,NA,0
"Raynard Ruttiger",0,NA,NA,0
"Razdal mo Eraz",NA,NA,0,0
"Red Alyn of the Rosewood",0,NA,NA,0
"Red Lamb",0,NA,NA,0
"Red Oarsman",0,NA,NA,0
"Renfred Rykker",0,NA,NA,0
"Rennifer Longwaters",0,NA,NA,0
"Reznak mo Reznak",0,NA,NA,0
"Rhaegar Frey",0,NA,NA,0
"Rhaelle Targaryen",0,NA,NA,0
"Rhaenyra Targaryen",0,NA,NA,0
"Rhalko",NA,NA,0,0
"Rhodry",0,NA,NA,0
"Ricasso",0,NA,NA,0
"Richard Farrow",0,NA,NA,0
"Richard Horpe",0,NA,NA,0
"Richard Lonmouth",0,NA,NA,0
"Rickard Ryswell",0,NA,NA,0
"Riddell",NA,NA,0,0
"Rigney",0,NA,NA,0
"Robert Blackwood",0,NA,NA,0
"Robert Flowers",0,NA,NA,0
"Robert Strong",0,NA,NA,0
"Robin",0,NA,NA,0
"Robin Greyjoy",0,NA,NA,0
"Robin Hill",0,NA,NA,0
"Robin Hollard",0,NA,NA,0
"Robin Moreland",0,NA,NA,0
"Robin Peasebury",0,NA,NA,0
"Robin Potter",0,NA,NA,0
"Rodrik Flint",0,NA,NA,0
"Rodrik Freeborn",0,NA,NA,0
"Rodrik Ryswell",0,NA,NA,0
"Rodrik Sparr",0,NA,NA,0
"Roelle",0,NA,NA,0
"Roger Hogg",0,NA,NA,0
"Roger Ryswell",0,NA,NA,0
"Roggo",0,NA,NA,0
"Roggon Rustbeard",0,NA,NA,0
"Rolder",0,NA,NA,0
"Rolfe the Dwarf",0,NA,NA,0
"Rollam Westerling",0,NA,NA,0
"Rolland Darklyn",0,NA,NA,0
"Rolland Longthorpe",0,NA,NA,0
"Rolland Storm",0,NA,NA,0
"Rolley",0,NA,NA,0
"Rolly Duckfield",0,NA,NA,0
"Rolph Spicer",0,NA,NA,0
"Rommo",0,NA,NA,0
"Romny Weaver",0,NA,NA,0
"Ronald Connington",0,NA,NA,0
"Ronald Storm",0,NA,NA,0
"Ronnel Arryn (son of Jasper)",0,NA,NA,0
"Ronnel Harclay",0,NA,NA,0
"Rook",0,NA,NA,0
"Roone",0,NA,NA,0
"Roose Ryswell",0,NA,NA,0
"Roro Uhoris",0,NA,NA,0
"Rory",0,NA,NA,0
"Roryn Drumm",0,NA,NA,0
"Rosamund Lannister",0,NA,NA,0
"Rosey",0,NA,NA,0
"Roslin Frey",0,NA,0,0
"Rowan",0,NA,NA,0
"Rufus Leek",0,NA,NA,0
"Runceford Redwyne",0,NA,NA,0
"Runcel Hightower",0,NA,NA,0
"Rupert Crabb",0,NA,NA,0
"Rus",0,NA,NA,0
"Russell Merryweather",0,NA,NA,0
"Rusty Flowers",0,NA,NA,0
"Ryam",0,NA,NA,0
"Ryam Florent",0,NA,NA,0
"Ryk",0,NA,NA,0
"Ryles",0,NA,NA,0
"Rylona Rhee",0,NA,NA,0
"Ryon Allyrion",0,NA,NA,0
"S'vrone",0,NA,NA,0
"Sallor the Bald",0,NA,NA,0
"Samwell Spicer",0,NA,NA,0
"Samwell Stone",0,NA,0,0
"Sandhu",NA,NA,0,0
"Saranella",0,NA,NA,0
"Sarella Sand",0,NA,NA,0
"Sarra Frey",0,NA,NA,0
"Sawwood",0,NA,NA,0
"Scales",0,NA,NA,0
"Scar",0,NA,NA,0
"Scarb",0,NA,NA,0
"Scolera",0,NA,0,0
"Sedgekins",0,NA,NA,0
"Senelle",0,NA,NA,0
"Ser Morghil",0,NA,NA,0
"Ser Wilbert",0,NA,NA,0
"Serala of Myr",0,NA,NA,0
"Serra",0,NA,NA,0
"Serra Frey",0,NA,NA,0
"Shadrick",0,NA,NA,0
"Sharna",0,NA,NA,0
"Sherrit",0,NA,NA,0
"Shiera Seastar",0,NA,NA,0
"Shirei Frey",0,NA,NA,0
"Shortear",0,NA,NA,0
"Shrouded Lord",0,NA,NA,0
"Sigfry Stonetree",0,NA,NA,0
"Sigfryd Harlaw",0,NA,NA,0
"Sigorn",0,NA,NA,0
"Silveraxe Fell",0,NA,NA,0
"Simon Toyne",0,NA,NA,0
"Simpson",NA,NA,0,0
"Sissy",NA,NA,0,0
"Six-Toed Harl",0,NA,NA,0
"Skahaz mo Kandaq",0,NA,NA,0
"Skinner",0,NA,NA,0
"Sky Blue Su",0,NA,NA,0
"Sloey",0,NA,NA,0
"Small Paul",0,NA,NA,0
"Smiling Knight",0,NA,NA,0
"Snatch",0,NA,NA,0
"Snowylocks",0,NA,NA,0
"Softfoot",0,NA,NA,0
"Soren Shieldbreaker",0,NA,NA,0
"Sour Alyn",0,NA,NA,0
"Spare Boot",0,NA,NA,0
"Spotted Cat",0,NA,NA,0
"Squinter",0,NA,NA,0
"Squirrel",0,NA,NA,0
"Stalwart Shield",0,NA,NA,0
"Starved man",0,NA,NA,0
"Steelskin",0,NA,NA,0
"Steffar Stammerer",0,NA,NA,0
"Steffarion Sparr",0,NA,NA,0
"Steffon Hollard",0,NA,NA,0
"Steffon Swyft",0,NA,NA,0
"Stern face",0,NA,NA,0
"Steve",NA,NA,0,0
"Stone Thumbs",0,NA,NA,0
"Stonehand",0,NA,NA,0
"Styr",0,NA,0,0
"Sumner Crakehall",0,NA,NA,0
"Sweets",0,NA,NA,0
"Sybell Spicer",0,NA,NA,0
"Sylas Flatnose",0,NA,NA,0
"Sylva Santagar",0,NA,NA,0
"Symon Hollard",0,NA,NA,0
"Symon Santagar",0,NA,NA,0
"Symon Stripeback",0,NA,NA,0
"Symond Frey",0,NA,NA,0
"Symond Templeton",0,NA,NA,0
"Taena of Myr",0,NA,NA,0
"Tagganaro",0,NA,NA,0
"Talbert Serry",0,NA,NA,0
"Talea",0,NA,NA,0
"Talla Tarly",0,NA,0,0
"Tansy",NA,NA,0,0
"Tansy (innkeep)",0,NA,NA,0
"Tansy (orphan)",0,NA,NA,0
"Tarle the Thrice-Drowned",0,NA,NA,0
"Tattered Prince",0,NA,NA,0
"Teela",NA,NA,0,0
"Temmo",0,NA,NA,0
"Ternesio Terys",0,NA,0,0
"Terrance Lynderly",0,NA,NA,0
"Terrence Toyne",0,NA,NA,0
"Terro",0,NA,NA,0
"The Sparr",0,NA,NA,0
"The Stonehouse",0,NA,NA,0
"Thenn Warg",NA,NA,0,0
"Theobald",0,NA,NA,0
"Theodan Wells",0,NA,NA,0
"Theomar Smallwood",0,NA,NA,0
"Theomore",0,NA,NA,0
"Theomore Harlaw",0,NA,NA,0
"Therry",0,NA,NA,0
"Thin Man",NA,NA,0,0
"Thistle",0,NA,NA,0
"Thomax",0,NA,NA,0
"Thormor Ironmaker",0,NA,NA,0
"Three-Tooth",0,NA,NA,0
"Three Toes",0,NA,NA,0
"Tim Stone",0,NA,NA,0
"Tim Tangletongue",0,NA,NA,0
"Timeon",0,NA,NA,0
"Timoth",0,NA,NA,0
"Toefinger",0,NA,NA,0
"Tom Barleycorn",0,NA,NA,0
"Tom Codd",0,NA,NA,0
"Tom Costayne",0,NA,NA,0
"Tom of Sevenstreams",0,NA,NA,0
"Tom Tidewood",0,NA,NA,0
"Tommen II Lannister",0,NA,NA,0
"Torbert",0,NA,NA,0
"Toregg the Tall",0,NA,NA,0
"Torgon Greyiron",0,NA,NA,0
"Tormo Fregar",0,NA,NA,0
"Tormund",0,NA,0,0
"Torren Liddle",0,NA,NA,0
"Torwold Browntooth",0,NA,NA,0
"Torwynd",0,NA,NA,0
"Tremond Gargalen",0,NA,NA,0
"Trianna",0,NA,NA,0
"Tristan Mudd",0,NA,NA,0
"Tristan Rivers",0,NA,NA,0
"Tristifer Botley",0,NA,NA,0
"Tristifer IV Mudd",0,NA,NA,0
"Tristifer V Mudd",0,NA,NA,0
"Tristimun",0,NA,NA,0
"Triston of Tally Hill",0,NA,NA,0
"Triston Sunderland",0,NA,NA,0
"Tumberjon",0,NA,NA,0
"Tumco Lho",0,NA,NA,0
"Turquin",0,NA,NA,0
"Ty",0,NA,NA,0
"Tybero Istarion",0,NA,NA,0
"Tycho Nestoris",0,NA,0,0
"Tyene Sand",0,NA,0,0
"Tyrion Tanner",0,NA,NA,0
"Tyta Frey",0,NA,NA,0
"Tytos Frey",0,NA,NA,0
"Ulmer",0,NA,NA,0
"Ulwyck Uller",0,NA,NA,0
"Umfred",0,NA,NA,0
"Umma",0,NA,NA,0
"Unella",0,NA,0,0
"Urho the Unwashed",0,NA,NA,0
"Urras Greyiron",0,NA,NA,0
"Urrathon IV Goodbrother",0,NA,NA,0
"Urrigon Greyjoy",0,NA,NA,0
"Uthor",0,NA,NA,0
"Vaellyn",0,NA,NA,0
"Val",0,NA,NA,0
"Vala",NA,NA,0,0
"Vance Corbray",NA,NA,0,0
"Varamyr",0,NA,NA,0
"Veiled Lady",0,NA,NA,0
"Vickon Greyjoy",0,NA,NA,0
"Violet",0,NA,0,0
"Viserys I Targaryen",0,NA,NA,0
"Viserys II Targaryen",0,NA,NA,0
"Viserys Plumm",0,NA,NA,0
"Vogarro",0,NA,NA,0
"Waif",0,NA,0,0
"Walda Frey (daughter of Merrett)",0,NA,0,0
"Walda Frey (daughter of Walton)",0,NA,NA,0
"Walda Frey 3",0,NA,NA,0
"Walda Frey 4",0,NA,NA,0
"Walda Rivers",0,NA,NA,0
"Walderan Tarbeck",0,NA,NA,0
"Waldon Wynch",0,NA,NA,0
"Walgrave",0,NA,NA,0
"Walter Whent",0,NA,NA,0
"Walys Flowers",0,NA,NA,0
"Warren",0,NA,NA,0
"Wat",0,NA,NA,0
"Wat (orphan)",0,NA,NA,0
"Watkyn",0,NA,NA,0
"Watt of Long Lake",0,NA,NA,0
"Watty the Miller",0,NA,NA,0
"Webber",0,NA,NA,0
"Wenda",0,NA,NA,0
"White Rat",NA,NA,0,0
"Wick Whittlestick",0,NA,NA,0
"Widow of the waterfront",0,NA,NA,0
"Will (orphan)",0,NA,NA,0
"Will Humble",0,NA,NA,0
"Will of the Woods",0,NA,NA,0
"Will Short",0,NA,NA,0
"Will the Stork",0,NA,NA,0
"Willa",NA,NA,0,0
"Willam",0,NA,NA,0
"Willam Foxglove",0,NA,NA,0
"Willam Wells",0,NA,NA,0
"Willam Wythers",0,NA,NA,0
"Willamen Frey",0,NA,NA,0
"Willas Tyrell",0,NA,NA,0
"William Mooton",0,NA,NA,0
"Willow Heddle",0,NA,NA,0
"Willow Witch-eye",0,NA,NA,0
"Wulfe",0,NA,NA,0
"Wun Weg Wun Dar Wun",0,NA,0,0
"Wyl the Whittler",0,NA,NA,0
"Wylla Manderly",0,NA,NA,0
"Wyllis",NA,NA,0,0
"Wynafryd Manderly",0,NA,NA,0
"Wynton Stout",0,NA,NA,0
"Xhobar Qhoqua",0,NA,NA,0
"Xhondo Dhoru",0,NA,NA,0
"Yandry",0,NA,NA,0
"Yellow Dick",0,NA,NA,0
"Yezzan zo Qaggaz",0,NA,0,0
"Ygon Oldfather",0,NA,NA,0
"Yna",0,NA,NA,0
"Ynys Yronwood",0,NA,NA,0
"Yorko Terys",0,NA,NA,0
"Young Henly",0,NA,NA,0
"Ysilla",0,NA,NA,0
"Yurkhaz zo Yunzak",0,NA,NA,0
"Zahrina",0,NA,NA,0
"Zanrush",NA,NA,0,0
"Zei",0,NA,NA,0
"Zekko",0,NA,NA,0
"Zharaq zo Loraq",0,NA,NA,0
"Zollo",0,NA,NA,0
